Municipality,County,Year,Population 
Aberdeen township,Monmouth,2015,"18,282"
Aberdeen township,Monmouth,2020,"18,729"
Absecon city,Atlantic,2015,"8,394"
Absecon city,Atlantic,2020,"8,471"
Alexandria township,Hunterdon,2015,"4,882"
Alexandria township,Hunterdon,2020,"4,769"
Allamuchy township,Warren,2015,"4,499"
Allamuchy township,Warren,2020,"4,640"
Allendale borough,Bergen,2015,"6,717"
Allendale borough,Bergen,2020,"6,757"
Allenhurst borough,Monmouth,2015,486
Allenhurst borough,Monmouth,2020,492
Allentown borough,Monmouth,2015,"1,888"
Allentown borough,Monmouth,2020,"1,740"
Alloway township,Salem,2015,"3,417"
Alloway township,Salem,2020,"3,359"
Alpha borough,Warren,2015,"2,272"
Alpha borough,Warren,2020,"2,141"
Alpine borough,Bergen,2015,"1,559"
Alpine borough,Bergen,2020,"1,459"
Andover borough,Sussex,2015,662
Andover borough,Sussex,2020,675
Andover township,Sussex,2015,"6,127"
Andover township,Sussex,2020,"5,914"
Asbury Park city,Monmouth,2015,"15,945"
Asbury Park city,Monmouth,2020,"15,536"
Atlantic City city,Atlantic,2015,"39,547"
Atlantic City city,Atlantic,2020,"37,793"
Atlantic Highlands borough,Monmouth,2015,"4,346"
Atlantic Highlands borough,Monmouth,2020,"4,312"
Audubon borough,Camden,2015,"8,772"
Audubon borough,Camden,2020,"8,656"
Audubon Park borough,Camden,2015,"1,010"
Audubon Park borough,Camden,2020,969
Avalon borough,Cape May,2015,"1,596"
Avalon borough,Cape May,2020,"1,456"
Avon-by-the-Sea borough,Monmouth,2015,"1,809"
Avon-by-the-Sea borough,Monmouth,2020,"1,731"
Barnegat Light borough,Ocean,2015,589
Barnegat Light borough,Ocean,2020,461
Barnegat township,Ocean,2015,"21,617"
Barnegat township,Ocean,2020,"23,155"
Barrington borough,Camden,2015,"6,877"
Barrington borough,Camden,2020,"6,678"
Bass River township,Burlington,2015,"1,468"
Bass River township,Burlington,2020,"1,225"
Bay Head borough,Ocean,2015,992
Bay Head borough,Ocean,2020,"1,050"
Bayonne city,Hudson,2015,"65,378"
Bayonne city,Hudson,2020,"65,112"
Beach Haven borough,Ocean,2015,991
Beach Haven borough,Ocean,2020,979
Beachwood borough,Ocean,2015,"11,128"
Beachwood borough,Ocean,2020,"11,274"
Bedminster township,Somerset,2015,"8,251"
Bedminster township,Somerset,2020,"8,042"
Belleville township,Essex,2015,"36,178"
Belleville township,Essex,2020,"36,340"
Bellmawr borough,Camden,2015,"11,507"
Bellmawr borough,Camden,2020,"11,375"
Belmar borough,Monmouth,2015,"5,745"
Belmar borough,Monmouth,2020,"5,613"
Belvidere town,Warren,2015,"2,634"
Belvidere town,Warren,2020,"2,573"
Bergenfield borough,Bergen,2015,"27,339"
Bergenfield borough,Bergen,2020,"27,375"
Berkeley Heights township,Union,2015,"13,339"
Berkeley Heights township,Union,2020,"13,321"
Berkeley township,Ocean,2015,"41,480"
Berkeley township,Ocean,2020,"41,963"
Berlin borough,Camden,2015,"7,618"
Berlin borough,Camden,2020,"7,543"
Berlin township,Camden,2015,"5,380"
Berlin township,Camden,2020,"5,647"
Bernards township,Somerset,2015,"26,983"
Bernards township,Somerset,2020,"27,114"
Bernardsville borough,Somerset,2015,"7,786"
Bernardsville borough,Somerset,2020,"7,641"
Bethlehem township,Hunterdon,2015,"3,922"
Bethlehem township,Hunterdon,2020,"3,864"
Beverly city,Burlington,2015,"2,569"
Beverly city,Burlington,2020,"2,425"
Blairstown township,Warren,2015,"5,850"
Blairstown township,Warren,2020,"5,727"
Bloomfield township,Essex,2015,"47,831"
Bloomfield township,Essex,2020,"49,733"
Bloomingdale borough,Passaic,2015,"7,933"
Bloomingdale borough,Passaic,2020,"8,080"
Bloomsbury borough,Hunterdon,2015,720
Bloomsbury borough,Hunterdon,2020,786
Bogota borough,Bergen,2015,"8,329"
Bogota borough,Bergen,2020,"8,375"
Boonton town,Morris,2015,"8,422"
Boonton town,Morris,2020,"8,510"
Boonton township,Morris,2015,"4,339"
Boonton township,Morris,2020,"4,275"
Bordentown city,Burlington,2015,"3,903"
Bordentown city,Burlington,2020,"3,808"
Bordentown township,Burlington,2015,"11,566"
Bordentown township,Burlington,2020,"12,103"
Bound Brook borough,Somerset,2015,"10,515"
Bound Brook borough,Somerset,2020,"10,254"
Bradley Beach borough,Monmouth,2015,"4,297"
Bradley Beach borough,Monmouth,2020,"4,175"
Branchburg township,Somerset,2015,"14,673"
Branchburg township,Somerset,2020,"14,509"
Branchville borough,Sussex,2015,889
Branchville borough,Sussex,2020,"1,054"
Brick township,Ocean,2015,"74,991"
Brick township,Ocean,2020,"75,793"
Bridgeton city,Cumberland,2015,"25,201"
Bridgeton city,Cumberland,2020,"24,264"
Bridgewater township,Somerset,2015,"45,120"
Bridgewater township,Somerset,2020,"44,379"
Brielle borough,Monmouth,2015,"4,769"
Brielle borough,Monmouth,2020,"4,683"
Brigantine city,Atlantic,2015,"9,347"
Brigantine city,Atlantic,2020,"8,725"
Brooklawn borough,Camden,2015,"1,944"
Brooklawn borough,Camden,2020,"1,888"
Buena borough,Atlantic,2015,"4,566"
Buena borough,Atlantic,2020,"4,323"
Buena Vista township,Atlantic,2015,"7,558"
Buena Vista township,Atlantic,2020,"7,269"
Burlington city,Burlington,2015,"9,868"
Burlington city,Burlington,2020,"9,845"
Burlington township,Burlington,2015,"22,653"
Burlington township,Burlington,2020,"22,600"
Butler borough,Morris,2015,"7,659"
Butler borough,Morris,2020,"7,669"
Byram township,Sussex,2015,"8,175"
Byram township,Sussex,2020,"7,944"
Caldwell borough,Essex,2015,"7,902"
Caldwell borough,Essex,2020,"7,970"
Califon borough,Hunterdon,2015,"1,283"
Califon borough,Hunterdon,2020,"1,184"
Camden city,Camden,2015,"76,904"
Camden city,Camden,2020,"73,742"
Cape May city,Cape May,2015,"3,553"
Cape May city,Cape May,2020,"3,446"
Cape May Point borough,Cape May,2015,240
Cape May Point borough,Cape May,2020,165
Carlstadt borough,Bergen,2015,"6,225"
Carlstadt borough,Bergen,2020,"6,158"
Carneys Point township,Salem,2015,"7,919"
Carneys Point township,Salem,2020,"7,722"
Carteret borough,Middlesex,2015,"23,965"
Carteret borough,Middlesex,2020,"23,501"
Cedar Grove township,Essex,2015,"12,529"
Cedar Grove township,Essex,2020,"12,593"
Chatham borough,Morris,2015,"9,011"
Chatham borough,Morris,2020,"8,729"
Chatham township,Morris,2015,"10,569"
Chatham township,Morris,2020,"10,216"
Cherry Hill township,Camden,2015,"70,989"
Cherry Hill township,Camden,2020,"71,237"
Chesilhurst borough,Camden,2015,"1,662"
Chesilhurst borough,Camden,2020,"1,440"
Chester borough,Morris,2015,"1,612"
Chester borough,Morris,2020,"1,514"
Chester township,Morris,2015,"7,942"
Chester township,Morris,2020,"7,734"
Chesterfield township,Burlington,2015,"7,704"
Chesterfield township,Burlington,2020,"7,484"
Cinnaminson township,Burlington,2015,"16,441"
Cinnaminson township,Burlington,2020,"16,429"
City of Orange township,Essex,2015,"30,373"
City of Orange township,Essex,2020,"30,570"
Clark township,Union,2015,"15,144"
Clark township,Union,2020,"15,847"
Clayton borough,Gloucester,2015,"8,292"
Clayton borough,Gloucester,2020,"8,688"
Clementon borough,Camden,2015,"4,968"
Clementon borough,Camden,2020,"4,939"
Cliffside Park borough,Bergen,2015,"24,493"
Cliffside Park borough,Bergen,2020,"25,410"
Clifton city,Passaic,2015,"85,552"
Clifton city,Passaic,2020,"85,201"
Clinton town,Hunterdon,2015,"2,681"
Clinton town,Hunterdon,2020,"2,699"
Clinton township,Hunterdon,2015,"13,187"
Clinton township,Hunterdon,2020,"12,909"
Closter borough,Bergen,2015,"8,582"
Closter borough,Bergen,2020,"8,551"
Collingswood borough,Camden,2015,"13,925"
Collingswood borough,Camden,2020,"13,882"
Colts Neck township,Monmouth,2015,"10,075"
Colts Neck township,Monmouth,2020,"9,863"
Commercial township,Cumberland,2015,"5,143"
Commercial township,Cumberland,2020,"4,936"
Corbin City city,Atlantic,2015,482
Corbin City city,Atlantic,2020,704
Cranbury township,Middlesex,2015,"3,781"
Cranbury township,Middlesex,2020,"3,912"
Cranford township,Union,2015,"23,328"
Cranford township,Union,2020,"24,036"
Cresskill borough,Bergen,2015,"8,729"
Cresskill borough,Bergen,2020,"8,701"
Deal borough,Monmouth,2015,757
Deal borough,Monmouth,2020,528
Deerfield township,Cumberland,2015,"3,118"
Deerfield township,Cumberland,2020,"3,028"
Delanco township,Burlington,2015,"4,542"
Delanco township,Burlington,2020,"4,448"
Delaware township,Hunterdon,2015,"4,516"
Delaware township,Hunterdon,2020,"4,443"
Delran township,Burlington,2015,"16,856"
Delran township,Burlington,2020,"16,502"
Demarest borough,Bergen,2015,"5,004"
Demarest borough,Bergen,2020,"4,911"
Dennis township,Cape May,2015,"6,378"
Dennis township,Cape May,2020,"6,168"
Denville township,Morris,2015,"16,820"
Denville township,Morris,2020,"16,536"
Deptford township,Gloucester,2015,"30,538"
Deptford township,Gloucester,2020,"30,433"
Dover town,Morris,2015,"18,324"
Dover town,Morris,2020,"17,866"
Downe township,Cumberland,2015,"1,493"
Downe township,Cumberland,2020,"1,183"
Dumont borough,Bergen,2015,"17,820"
Dumont borough,Bergen,2020,"17,598"
Dunellen borough,Middlesex,2015,"7,368"
Dunellen borough,Middlesex,2020,"7,215"
Eagleswood township,Ocean,2015,"1,556"
Eagleswood township,Ocean,2020,"1,558"
East Amwell township,Hunterdon,2015,"3,957"
East Amwell township,Hunterdon,2020,"3,877"
East Brunswick township,Middlesex,2015,"48,426"
East Brunswick township,Middlesex,2020,"47,928"
East Greenwich township,Gloucester,2015,"10,193"
East Greenwich township,Gloucester,2020,"10,619"
East Hanover township,Morris,2015,"11,248"
East Hanover township,Morris,2020,"11,009"
East Newark borough,Hudson,2015,"2,577"
East Newark borough,Hudson,2020,"2,634"
East Orange city,Essex,2015,"64,578"
East Orange city,Essex,2020,"64,650"
East Rutherford borough,Bergen,2015,"9,076"
East Rutherford borough,Bergen,2020,"9,707"
East Windsor township,Mercer,2015,"27,501"
East Windsor township,Mercer,2020,"27,275"
Eastampton township,Burlington,2015,"6,032"
Eastampton township,Burlington,2020,"6,015"
Eatontown borough,Monmouth,2015,"12,298"
Eatontown borough,Monmouth,2020,"12,195"
Edgewater borough,Bergen,2015,"11,935"
Edgewater borough,Bergen,2020,"12,890"
Edgewater Park township,Burlington,2015,"8,848"
Edgewater Park township,Burlington,2020,"8,670"
Edison township,Middlesex,2015,"101,865"
Edison township,Middlesex,2020,"99,876"
Egg Harbor City city,Atlantic,2015,"4,246"
Egg Harbor City city,Atlantic,2020,"4,072"
Egg Harbor township,Atlantic,2015,"43,860"
Egg Harbor township,Atlantic,2020,"42,460"
Elizabeth city,Union,2015,"127,759"
Elizabeth city,Union,2020,"128,484"
Elk township,Gloucester,2015,"4,180"
Elk township,Gloucester,2020,"4,163"
Elmer borough,Salem,2015,"1,460"
Elmer borough,Salem,2020,"1,333"
Elmwood Park borough,Bergen,2015,"19,959"
Elmwood Park borough,Bergen,2020,"20,019"
Elsinboro township,Salem,2015,"1,040"
Elsinboro township,Salem,2020,931
Emerson borough,Bergen,2015,"7,616"
Emerson borough,Bergen,2020,"7,606"
Englewood city,Bergen,2015,"27,992"
Englewood city,Bergen,2020,"28,390"
Englewood Cliffs borough,Bergen,2015,"5,369"
Englewood Cliffs borough,Bergen,2020,"5,349"
Englishtown borough,Monmouth,2015,"2,186"
Englishtown borough,Monmouth,2020,"1,999"
Essex Fells borough,Essex,2015,"2,153"
Essex Fells borough,Essex,2020,"2,037"
Estell Manor city,Atlantic,2015,"1,728"
Estell Manor city,Atlantic,2020,"1,682"
Evesham township,Burlington,2015,"45,664"
Evesham township,Burlington,2020,"45,138"
Ewing township,Mercer,2015,"36,379"
Ewing township,Mercer,2020,"36,150"
Fair Haven borough,Monmouth,2015,"6,075"
Fair Haven borough,Monmouth,2020,"5,833"
Fair Lawn borough,Bergen,2015,"33,164"
Fair Lawn borough,Bergen,2020,"32,986"
Fairfield township,Cumberland,2015,"6,476"
Fairfield township,Cumberland,2020,"5,975"
Fairfield township,Essex,2015,"7,556"
Fairfield township,Essex,2020,"7,563"
Fairview borough,Bergen,2015,"14,233"
Fairview borough,Bergen,2020,"14,218"
Fanwood borough,Union,2015,"7,479"
Fanwood borough,Union,2020,"7,686"
Far Hills borough,Somerset,2015,"1,052"
Far Hills borough,Somerset,2020,915
Farmingdale borough,Monmouth,2015,"1,434"
Farmingdale borough,Monmouth,2020,"1,307"
Fieldsboro borough,Burlington,2015,624
Fieldsboro borough,Burlington,2020,761
Flemington borough,Hunterdon,2015,"4,676"
Flemington borough,Hunterdon,2020,"4,601"
Florence township,Burlington,2015,"12,586"
Florence township,Burlington,2020,"12,535"
Florham Park borough,Morris,2015,"11,802"
Florham Park borough,Morris,2020,"11,719"
Folsom borough,Atlantic,2015,"1,891"
Folsom borough,Atlantic,2020,"1,610"
Fort Lee borough,Bergen,2015,"36,251"
Fort Lee borough,Bergen,2020,"37,843"
Frankford township,Sussex,2015,"5,490"
Frankford township,Sussex,2020,"5,312"
Franklin borough,Sussex,2015,"4,944"
Franklin borough,Sussex,2020,"4,737"
Franklin Lakes borough,Bergen,2015,"10,799"
Franklin Lakes borough,Bergen,2020,"11,044"
Franklin township,Gloucester,2015,"16,698"
Franklin township,Gloucester,2020,"16,415"
Franklin township,Hunterdon,2015,"3,235"
Franklin township,Hunterdon,2020,"3,404"
Franklin township,Somerset,2015,"64,779"
Franklin township,Somerset,2020,"65,773"
Franklin township,Warren,2015,"3,118"
Franklin township,Warren,2020,"3,038"
Fredon township,Sussex,2015,"3,315"
Fredon township,Sussex,2020,"3,172"
Freehold borough,Monmouth,2015,"11,978"
Freehold borough,Monmouth,2020,"11,755"
Freehold township,Monmouth,2015,"35,936"
Freehold township,Monmouth,2020,"34,814"
Frelinghuysen township,Warren,2015,"2,479"
Frelinghuysen township,Warren,2020,"2,085"
Frenchtown borough,Hunterdon,2015,"1,444"
Frenchtown borough,Hunterdon,2020,"1,366"
Galloway township,Atlantic,2015,"37,431"
Galloway township,Atlantic,2020,"35,816"
Garfield city,Bergen,2015,"31,265"
Garfield city,Bergen,2020,"31,722"
Garwood borough,Union,2015,"4,306"
Garwood borough,Union,2020,"4,341"
Gibbsboro borough,Camden,2015,"2,236"
Gibbsboro borough,Camden,2020,"2,238"
Glassboro borough,Gloucester,2015,"18,958"
Glassboro borough,Gloucester,2020,"20,069"
Glen Gardner borough,Hunterdon,2015,"1,560"
Glen Gardner borough,Hunterdon,2020,"1,554"
Glen Ridge borough,Essex,2015,"7,607"
Glen Ridge borough,Essex,2020,"7,583"
Glen Rock borough,Bergen,2015,"11,859"
Glen Rock borough,Bergen,2020,"11,747"
Gloucester City city,Camden,2015,"11,386"
Gloucester City city,Camden,2020,"11,229"
Gloucester township,Camden,2015,"64,219"
Gloucester township,Camden,2020,"63,777"
Green Brook township,Somerset,2015,"7,155"
Green Brook township,Somerset,2020,"6,927"
Green township,Sussex,2015,"3,539"
Green township,Sussex,2020,"3,482"
Greenwich township,Cumberland,2015,960
Greenwich township,Cumberland,2020,457
Greenwich township,Gloucester,2015,"4,869"
Greenwich township,Gloucester,2020,"4,816"
Greenwich township,Warren,2015,"5,580"
Greenwich township,Warren,2020,"5,473"
Guttenberg town,Hudson,2015,"11,595"
Guttenberg town,Hudson,2020,"11,284"
Hackensack city,Bergen,2015,"44,035"
Hackensack city,Bergen,2020,"44,266"
Hackettstown town,Warren,2015,"9,579"
Hackettstown town,Warren,2020,"9,440"
Haddon Heights borough,Camden,2015,"7,497"
Haddon Heights borough,Camden,2020,"7,520"
Haddon township,Camden,2015,"14,592"
Haddon township,Camden,2020,"14,562"
Haddonfield borough,Camden,2015,"11,474"
Haddonfield borough,Camden,2020,"11,342"
Hainesport township,Burlington,2015,"6,097"
Hainesport township,Burlington,2020,"6,009"
Haledon borough,Passaic,2015,"8,412"
Haledon borough,Passaic,2020,"8,298"
Hamburg borough,Sussex,2015,"3,209"
Hamburg borough,Sussex,2020,"3,149"
Hamilton township,Atlantic,2015,"26,861"
Hamilton township,Atlantic,2020,"25,856"
Hamilton township,Mercer,2015,"89,055"
Hamilton township,Mercer,2020,"87,258"
Hammonton town,Atlantic,2015,"14,735"
Hammonton town,Atlantic,2020,"14,046"
Hampton borough,Hunterdon,2015,"1,213"
Hampton borough,Hunterdon,2020,"1,182"
Hampton township,Sussex,2015,"5,056"
Hampton township,Sussex,2020,"4,865"
Hanover township,Morris,2015,"14,174"
Hanover township,Morris,2020,"14,371"
Harding township,Morris,2015,"3,895"
Harding township,Morris,2020,"3,794"
Hardwick township,Warren,2015,"1,460"
Hardwick township,Warren,2020,"1,519"
Hardyston township,Sussex,2015,"8,098"
Hardyston township,Sussex,2020,"7,815"
Harmony township,Warren,2015,"2,592"
Harmony township,Warren,2020,"2,703"
Harrington Park borough,Bergen,2015,"4,764"
Harrington Park borough,Bergen,2020,"4,735"
Harrison town,Hudson,2015,"14,629"
Harrison town,Hudson,2020,"18,313"
Harrison township,Gloucester,2015,"12,742"
Harrison township,Gloucester,2020,"13,049"
Harvey Cedars borough,Ocean,2015,416
Harvey Cedars borough,Ocean,2020,452
Hasbrouck Heights borough,Bergen,2015,"12,100"
Hasbrouck Heights borough,Bergen,2020,"12,026"
Haworth borough,Bergen,2015,"3,451"
Haworth borough,Bergen,2020,"3,400"
Hawthorne borough,Passaic,2015,"18,989"
Hawthorne borough,Passaic,2020,"18,762"
Hazlet township,Monmouth,2015,"20,185"
Hazlet township,Monmouth,2020,"19,793"
Helmetta borough,Middlesex,2015,"2,350"
Helmetta borough,Middlesex,2020,"2,232"
High Bridge borough,Hunterdon,2015,"3,581"
High Bridge borough,Hunterdon,2020,"3,460"
Highland Park borough,Middlesex,2015,"14,263"
Highland Park borough,Middlesex,2020,"13,803"
Highlands borough,Monmouth,2015,"4,947"
Highlands borough,Monmouth,2020,"4,746"
Hightstown borough,Mercer,2015,"5,529"
Hightstown borough,Mercer,2020,"5,334"
Hillsborough township,Somerset,2015,"39,378"
Hillsborough township,Somerset,2020,"39,760"
Hillsdale borough,Bergen,2015,"10,452"
Hillsdale borough,Bergen,2020,"10,317"
Hillside township,Union,2015,"21,779"
Hillside township,Union,2020,"21,955"
Hi-Nella borough,Camden,2015,831
Hi-Nella borough,Camden,2020,"1,018"
Hoboken city,Hudson,2015,"52,452"
Hoboken city,Hudson,2020,"53,283"
Ho-Ho-Kus borough,Bergen,2015,"4,132"
Ho-Ho-Kus borough,Bergen,2020,"4,096"
Holland township,Hunterdon,2015,"5,195"
Holland township,Hunterdon,2020,"5,115"
Holmdel township,Monmouth,2015,"16,684"
Holmdel township,Monmouth,2020,"16,652"
Hopatcong borough,Sussex,2015,"14,802"
Hopatcong borough,Sussex,2020,"14,228"
Hope township,Warren,2015,"1,882"
Hope township,Warren,2020,"1,897"
Hopewell borough,Mercer,2015,"1,845"
Hopewell borough,Mercer,2020,"1,857"
Hopewell township,Cumberland,2015,"4,505"
Hopewell township,Cumberland,2020,"4,354"
Hopewell township,Mercer,2015,"18,414"
Hopewell township,Mercer,2020,"17,967"
Howell township,Monmouth,2015,"51,597"
Howell township,Monmouth,2020,"52,053"
Independence township,Warren,2015,"5,555"
Independence township,Warren,2020,"5,438"
Interlaken borough,Monmouth,2015,795
Interlaken borough,Monmouth,2020,747
Irvington township,Essex,2015,"54,320"
Irvington township,Essex,2020,"54,220"
Island Heights borough,Ocean,2015,"1,640"
Island Heights borough,Ocean,2020,"1,480"
Jackson township,Ocean,2015,"55,851"
Jackson township,Ocean,2020,"57,389"
Jamesburg borough,Middlesex,2015,"5,978"
Jamesburg borough,Middlesex,2020,"5,876"
Jefferson township,Morris,2015,"21,465"
Jefferson township,Morris,2020,"20,912"
Jersey City city,Hudson,2015,"259,651"
Jersey City city,Hudson,2020,"262,652"
Keansburg borough,Monmouth,2015,"9,967"
Keansburg borough,Monmouth,2020,"9,697"
Kearny town,Hudson,2015,"41,866"
Kearny town,Hudson,2020,"41,190"
Kenilworth borough,Union,2015,"8,104"
Kenilworth borough,Union,2020,"8,182"
Keyport borough,Monmouth,2015,"7,195"
Keyport borough,Monmouth,2020,"7,005"
Kingwood township,Hunterdon,2015,"3,800"
Kingwood township,Hunterdon,2020,"3,749"
Kinnelon borough,Morris,2015,"10,372"
Kinnelon borough,Morris,2020,"9,988"
Knowlton township,Warren,2015,"2,997"
Knowlton township,Warren,2020,"2,941"
Lacey township,Ocean,2015,"28,105"
Lacey township,Ocean,2020,"29,076"
Lafayette township,Sussex,2015,"2,350"
Lafayette township,Sussex,2020,"2,238"
Lake Como borough,Monmouth,2015,"1,489"
Lake Como borough,Monmouth,2020,"1,655"
Lakehurst borough,Ocean,2015,"2,669"
Lakehurst borough,Ocean,2020,"2,707"
Lakewood township,Ocean,2015,"96,575"
Lakewood township,Ocean,2020,"104,186"
Lambertville city,Hunterdon,2015,"3,851"
Lambertville city,Hunterdon,2020,"3,809"
Laurel Springs borough,Camden,2015,"1,923"
Laurel Springs borough,Camden,2020,"1,908"
Lavallette borough,Ocean,2015,"2,108"
Lavallette borough,Ocean,2020,"2,171"
Lawnside borough,Camden,2015,"2,926"
Lawnside borough,Camden,2020,"2,883"
Lawrence township,Cumberland,2015,"3,253"
Lawrence township,Cumberland,2020,"3,099"
Lawrence township,Mercer,2015,"33,357"
Lawrence township,Mercer,2020,"32,551"
Lebanon borough,Hunterdon,2015,"1,836"
Lebanon borough,Hunterdon,2020,"2,040"
Lebanon township,Hunterdon,2015,"6,448"
Lebanon township,Hunterdon,2020,"6,106"
Leonia borough,Bergen,2015,"9,129"
Leonia borough,Bergen,2020,"9,059"
Liberty township,Warren,2015,"2,878"
Liberty township,Warren,2020,"2,826"
Lincoln Park borough,Morris,2015,"10,478"
Lincoln Park borough,Morris,2020,"10,220"
Linden city,Union,2015,"41,322"
Linden city,Union,2020,"42,332"
Lindenwold borough,Camden,2015,"17,492"
Lindenwold borough,Camden,2020,"17,288"
Linwood city,Atlantic,2015,"7,036"
Linwood city,Atlantic,2020,"6,719"
Little Egg Harbor township,Ocean,2015,"20,383"
Little Egg Harbor township,Ocean,2020,"21,418"
Little Falls township,Passaic,2015,"14,551"
Little Falls township,Passaic,2020,"14,487"
Little Ferry borough,Bergen,2015,"10,856"
Little Ferry borough,Bergen,2020,"10,761"
Little Silver borough,Monmouth,2015,"5,937"
Little Silver borough,Monmouth,2020,"5,817"
Livingston township,Essex,2015,"29,674"
Livingston township,Essex,2020,"30,059"
Loch Arbour village,Monmouth,2015,189
Loch Arbour village,Monmouth,2020,217
Lodi borough,Bergen,2015,"24,590"
Lodi borough,Bergen,2020,"24,389"
Logan township,Gloucester,2015,"6,008"
Logan township,Gloucester,2020,"5,907"
Long Beach township,Ocean,2015,"3,028"
Long Beach township,Ocean,2020,"3,074"
Long Branch city,Monmouth,2015,"30,721"
Long Branch city,Monmouth,2020,"30,424"
Long Hill township,Morris,2015,"8,770"
Long Hill township,Morris,2020,"8,519"
Longport borough,Atlantic,2015,999
Longport borough,Atlantic,2020,803
Lopatcong township,Warren,2015,"8,183"
Lopatcong township,Warren,2020,"8,354"
Lower Alloways Creek township,Salem,2015,"1,649"
Lower Alloways Creek township,Salem,2020,"1,729"
Lower township,Cape May,2015,"22,393"
Lower township,Cape May,2020,"21,515"
Lumberton township,Burlington,2015,"12,486"
Lumberton township,Burlington,2020,"12,228"
Lyndhurst township,Bergen,2015,"21,318"
Lyndhurst township,Bergen,2020,"22,453"
Madison borough,Morris,2015,"16,091"
Madison borough,Morris,2020,"16,647"
Magnolia borough,Camden,2015,"4,314"
Magnolia borough,Camden,2020,"4,280"
Mahwah township,Bergen,2015,"26,368"
Mahwah township,Bergen,2020,"26,225"
Manalapan township,Monmouth,2015,"39,778"
Manalapan township,Monmouth,2020,"39,577"
Manasquan borough,Monmouth,2015,"5,830"
Manasquan borough,Monmouth,2020,"5,837"
Manchester township,Ocean,2015,"43,251"
Manchester township,Ocean,2020,"43,649"
Mannington township,Salem,2015,"1,775"
Mannington township,Salem,2020,"1,854"
Mansfield township,Burlington,2015,"8,571"
Mansfield township,Burlington,2020,"8,543"
Mansfield township,Warren,2015,"7,552"
Mansfield township,Warren,2020,"7,382"
Mantoloking borough,Ocean,2015,340
Mantoloking borough,Ocean,2020,474
Mantua township,Gloucester,2015,"15,113"
Mantua township,Gloucester,2020,"14,909"
Manville borough,Somerset,2015,"10,454"
Manville borough,Somerset,2020,"10,193"
Maple Shade township,Burlington,2015,"19,042"
Maple Shade township,Burlington,2020,"18,590"
Maplewood township,Essex,2015,"24,303"
Maplewood township,Essex,2020,"25,135"
Margate City city,Atlantic,2015,"6,304"
Margate City city,Atlantic,2020,"5,921"
Marlboro township,Monmouth,2015,"40,603"
Marlboro township,Monmouth,2020,"39,877"
Matawan borough,Monmouth,2015,"8,887"
Matawan borough,Monmouth,2020,"8,696"
Maurice River township,Cumberland,2015,"7,905"
Maurice River township,Cumberland,2020,"7,157"
Maywood borough,Bergen,2015,"9,694"
Maywood borough,Bergen,2020,"9,626"
Medford Lakes borough,Burlington,2015,"4,124"
Medford Lakes borough,Burlington,2020,"3,961"
Medford township,Burlington,2015,"23,274"
Medford township,Burlington,2020,"23,346"
Mendham borough,Morris,2015,"5,016"
Mendham borough,Morris,2020,"4,880"
Mendham township,Morris,2015,"5,885"
Mendham township,Morris,2020,"5,722"
Merchantville borough,Camden,2015,"3,793"
Merchantville borough,Camden,2020,"3,702"
Metuchen borough,Middlesex,2015,"13,765"
Metuchen borough,Middlesex,2020,"14,289"
Middle township,Cape May,2015,"18,813"
Middle township,Cape May,2020,"18,400"
Middlesex borough,Middlesex,2015,"13,831"
Middlesex borough,Middlesex,2020,"13,606"
Middletown township,Monmouth,2015,"66,291"
Middletown township,Monmouth,2020,"65,316"
Midland Park borough,Bergen,2015,"7,269"
Midland Park borough,Bergen,2020,"7,230"
Milford borough,Hunterdon,2015,"1,123"
Milford borough,Hunterdon,2020,"1,285"
Millburn township,Essex,2015,"20,183"
Millburn township,Essex,2020,"20,174"
Millstone borough,Somerset,2015,487
Millstone borough,Somerset,2020,573
Millstone township,Monmouth,2015,"10,509"
Millstone township,Monmouth,2020,"10,418"
Milltown borough,Middlesex,2015,"6,989"
Milltown borough,Middlesex,2020,"6,973"
Millville city,Cumberland,2015,"28,515"
Millville city,Cumberland,2020,"27,485"
Mine Hill township,Morris,2015,"3,649"
Mine Hill township,Morris,2020,"3,511"
Monmouth Beach borough,Monmouth,2015,"3,258"
Monmouth Beach borough,Monmouth,2020,"3,226"
Monroe township,Gloucester ,2015,"36,665"
Monroe township,Gloucester ,2020,"36,861"
Monroe township,Middlesex,2015,"42,137"
Monroe township,Middlesex,2020,"44,615"
Montague township,Sussex,2015,"3,811"
Montague township,Sussex,2020,"3,666"
Montclair township,Essex,2015,"38,021"
Montclair township,Essex,2020,"38,634"
Montgomery township,Somerset,2015,"22,693"
Montgomery township,Somerset,2020,"23,128"
Montvale borough,Bergen,2015,"8,199"
Montvale borough,Bergen,2020,"8,538"
Montville township,Morris,2015,"21,760"
Montville township,Morris,2020,"21,253"
Moonachie borough,Bergen,2015,"2,753"
Moonachie borough,Bergen,2020,"2,714"
Moorestown township,Burlington,2015,"20,650"
Moorestown township,Burlington,2020,"20,474"
Morris Plains borough,Morris,2015,"5,598"
Morris Plains borough,Morris,2020,"5,888"
Morris township,Morris,2015,"22,585"
Morris township,Morris,2020,"22,275"
Morristown town,Morris,2015,"18,563"
Morristown town,Morris,2020,"19,065"
Mount Arlington borough,Morris,2015,"5,187"
Mount Arlington borough,Morris,2020,"5,751"
Mount Ephraim borough,Camden,2015,"4,646"
Mount Ephraim borough,Camden,2020,"4,591"
Mount Holly township,Burlington,2015,"9,410"
Mount Holly township,Burlington,2020,"9,562"
Mount Laurel township,Burlington,2015,"41,870"
Mount Laurel township,Burlington,2020,"41,443"
Mount Olive township,Morris,2015,"28,682"
Mount Olive township,Morris,2020,"28,913"
Mountain Lakes borough,Morris,2015,"4,262"
Mountain Lakes borough,Morris,2020,"4,249"
Mountainside borough,Union,2015,"6,832"
Mountainside borough,Union,2020,"6,859"
Mullica township,Atlantic,2015,"6,156"
Mullica township,Atlantic,2020,"5,894"
National Park borough,Gloucester,2015,"3,005"
National Park borough,Gloucester,2020,"2,964"
Neptune City borough,Monmouth,2015,"4,834"
Neptune City borough,Monmouth,2020,"4,654"
Neptune township,Monmouth,2015,"27,675"
Neptune township,Monmouth,2020,"27,547"
Netcong borough,Morris,2015,"3,258"
Netcong borough,Morris,2020,"3,167"
New Brunswick city,Middlesex,2015,"56,338"
New Brunswick city,Middlesex,2020,"55,992"
New Hanover township,Burlington,2015,"7,961"
New Hanover township,Burlington,2020,"8,101"
New Milford borough,Bergen,2015,"16,640"
New Milford borough,Bergen,2020,"16,477"
New Providence borough,Union,2015,"12,355"
New Providence borough,Union,2020,"13,382"
Newark city,Essex,2015,"279,793"
Newark city,Essex,2020,"281,917"
Newfield borough,Gloucester,2015,"1,616"
Newfield borough,Gloucester,2020,"1,502"
Newton town,Sussex,2015,"8,036"
Newton town,Sussex,2020,"7,935"
North Arlington borough,Bergen,2015,"15,734"
North Arlington borough,Bergen,2020,"15,681"
North Bergen township,Hudson,2015,"62,570"
North Bergen township,Hudson,2020,"61,181"
North Brunswick township,Middlesex,2015,"42,268"
North Brunswick township,Middlesex,2020,"41,569"
North Caldwell borough,Essex,2015,"6,415"
North Caldwell borough,Essex,2020,"6,640"
North Haledon borough,Passaic,2015,"8,507"
North Haledon borough,Passaic,2020,"8,425"
North Hanover township,Burlington,2015,"7,659"
North Hanover township,Burlington,2020,"7,513"
North Plainfield borough,Somerset,2015,"22,156"
North Plainfield borough,Somerset,2020,"21,445"
North Wildwood city,Cape May,2015,"3,957"
North Wildwood city,Cape May,2020,"3,794"
Northfield city,Atlantic,2015,"8,597"
Northfield city,Atlantic,2020,"8,088"
Northvale borough,Bergen,2015,"4,763"
Northvale borough,Bergen,2020,"4,911"
Norwood borough,Bergen,2015,"5,823"
Norwood borough,Bergen,2020,"5,789"
Nutley township,Essex,2015,"28,596"
Nutley township,Essex,2020,"28,527"
Oakland borough,Bergen,2015,"13,003"
Oakland borough,Bergen,2020,"12,953"
Oaklyn borough,Camden,2015,"4,004"
Oaklyn borough,Camden,2020,"3,961"
Ocean City city,Cape May,2015,"11,470"
Ocean City city,Cape May,2020,"11,065"
Ocean Gate borough,Ocean,2015,"2,105"
Ocean Gate borough,Ocean,2020,"1,488"
Ocean township,Monmouth,2015,"27,153"
Ocean township,Monmouth,2020,"26,700"
Ocean township,Ocean,2015,"8,628"
Ocean township,Ocean,2020,"9,071"
Oceanport borough,Monmouth,2015,"5,800"
Oceanport borough,Monmouth,2020,"5,715"
Ogdensburg borough,Sussex,2015,"2,432"
Ogdensburg borough,Sussex,2020,"2,164"
Old Bridge township,Middlesex,2015,"66,594"
Old Bridge township,Middlesex,2020,"65,657"
Old Tappan borough,Bergen,2015,"5,922"
Old Tappan borough,Bergen,2020,"5,924"
Oldmans township,Salem,2015,"1,799"
Oldmans township,Salem,2020,"1,762"
Oradell borough,Bergen,2015,"8,146"
Oradell borough,Bergen,2020,"8,126"
Oxford township,Warren,2015,"2,478"
Oxford township,Warren,2020,"2,508"
Palisades Park borough,Bergen,2015,"20,364"
Palisades Park borough,Bergen,2020,"20,693"
Palmyra borough,Burlington,2015,"7,356"
Palmyra borough,Burlington,2020,"7,162"
Paramus borough,Bergen,2015,"26,760"
Paramus borough,Bergen,2020,"26,403"
Park Ridge borough,Bergen,2015,"8,820"
Park Ridge borough,Bergen,2020,"8,721"
Parsippany-Troy Hills township,Morris,2015,"53,651"
Parsippany-Troy Hills township,Morris,2020,"52,048"
Passaic city,Passaic,2015,"70,618"
Passaic city,Passaic,2020,"69,789"
Paterson city,Passaic,2015,"146,987"
Paterson city,Passaic,2020,"145,484"
Paulsboro borough,Gloucester,2015,"6,025"
Paulsboro borough,Gloucester,2020,"5,881"
Peapack and Gladstone borough,Somerset,2015,"2,588"
Peapack and Gladstone borough,Somerset,2020,"2,582"
Pemberton borough,Burlington,2015,"1,485"
Pemberton borough,Burlington,2020,"1,494"
Pemberton township,Burlington,2015,"27,884"
Pemberton township,Burlington,2020,"27,082"
Pennington borough,Mercer,2015,"2,599"
Pennington borough,Mercer,2020,"2,553"
Penns Grove borough,Salem,2015,"5,032"
Penns Grove borough,Salem,2020,"4,793"
Pennsauken township,Camden,2015,"35,711"
Pennsauken township,Camden,2020,"35,704"
Pennsville township,Salem,2015,"13,057"
Pennsville township,Salem,2020,"12,505"
Pequannock township,Morris,2015,"15,550"
Pequannock township,Morris,2020,"15,102"
Perth Amboy city,Middlesex,2015,"52,179"
Perth Amboy city,Middlesex,2020,"51,589"
Phillipsburg town,Warren,2015,"14,608"
Phillipsburg town,Warren,2020,"14,303"
Pilesgrove township,Salem,2015,"4,125"
Pilesgrove township,Salem,2020,"4,002"
Pine Beach borough,Ocean,2015,"2,175"
Pine Beach borough,Ocean,2020,"2,361"
Pine Hill borough,Camden,2015,"10,419"
Pine Hill borough,Camden,2020,"10,418"
Pine Valley borough,Camden,2015,3
Pine Valley borough,Camden,2020,11
Piscataway township,Middlesex,2015,"57,348"
Piscataway township,Middlesex,2020,"56,948"
Pitman borough,Gloucester,2015,"8,932"
Pitman borough,Gloucester,2020,"8,785"
Pittsgrove township,Salem,2015,"9,201"
Pittsgrove township,Salem,2020,"8,850"
Plainfield city,Union,2015,"50,678"
Plainfield city,Union,2020,"50,252"
Plainsboro township,Middlesex,2015,"23,420"
Plainsboro township,Middlesex,2020,"22,928"
Pleasantville city,Atlantic,2015,"20,518"
Pleasantville city,Atlantic,2020,"20,226"
Plumsted township,Ocean,2015,"8,465"
Plumsted township,Ocean,2020,"8,550"
Pohatcong township,Warren,2015,"3,279"
Pohatcong township,Warren,2020,"3,196"
Point Pleasant Beach borough,Ocean,2015,"4,604"
Point Pleasant Beach borough,Ocean,2020,"4,548"
Point Pleasant borough,Ocean,2015,"18,426"
Point Pleasant borough,Ocean,2020,"18,686"
Pompton Lakes borough,Passaic,2015,"11,179"
Pompton Lakes borough,Passaic,2020,"10,998"
Port Republic city,Atlantic,2015,996
Port Republic city,Atlantic,2020,"1,127"
Princeton,Mercer,2015,"28,936"
Princeton,Mercer,2020,"31,161"
Prospect Park borough,Passaic,2015,"5,924"
Prospect Park borough,Passaic,2020,"5,853"
Quinton township,Salem,2015,"2,613"
Quinton township,Salem,2020,"2,346"
Rahway city,Union,2015,"28,644"
Rahway city,Union,2020,"29,691"
Ramsey borough,Bergen,2015,"14,889"
Ramsey borough,Bergen,2020,"14,915"
Randolph township,Morris,2015,"25,917"
Randolph township,Morris,2020,"25,496"
Raritan borough,Somerset,2015,"7,328"
Raritan borough,Somerset,2020,"7,833"
Raritan township,Hunterdon,2015,"22,048"
Raritan township,Hunterdon,2020,"22,252"
Readington township,Hunterdon,2015,"15,974"
Readington township,Hunterdon,2020,"15,889"
Red Bank borough,Monmouth,2015,"12,238"
Red Bank borough,Monmouth,2020,"12,039"
Ridgefield borough,Bergen,2015,"11,256"
Ridgefield borough,Bergen,2020,"11,209"
Ridgefield Park village,Bergen,2015,"12,969"
Ridgefield Park village,Bergen,2020,"12,928"
Ridgewood village,Bergen,2015,"25,370"
Ridgewood village,Bergen,2020,"25,110"
Ringwood borough,Passaic,2015,"12,387"
Ringwood borough,Passaic,2020,"12,229"
River Edge borough,Bergen,2015,"11,566"
River Edge borough,Bergen,2020,"11,510"
River Vale township,Bergen,2015,"9,883"
River Vale township,Bergen,2020,"10,002"
Riverdale borough,Morris,2015,"4,154"
Riverdale borough,Morris,2020,"4,179"
Riverside township,Burlington,2015,"8,044"
Riverside township,Burlington,2020,"7,860"
Riverton borough,Burlington,2015,"2,766"
Riverton borough,Burlington,2020,"2,691"
Robbinsville township,Mercer,2015,"14,093"
Robbinsville township,Mercer,2020,"14,518"
Rochelle Park township,Bergen,2015,"5,624"
Rochelle Park township,Bergen,2020,"5,580"
Rockaway borough,Morris,2015,"6,490"
Rockaway borough,Morris,2020,"6,345"
Rockaway township,Morris,2015,"24,546"
Rockaway township,Morris,2020,"25,395"
Rockleigh borough,Bergen,2015,576
Rockleigh borough,Bergen,2020,650
Rocky Hill borough,Somerset,2015,615
Rocky Hill borough,Somerset,2020,655
Roosevelt borough,Monmouth,2015,800
Roosevelt borough,Monmouth,2020,913
Roseland borough,Essex,2015,"5,853"
Roseland borough,Essex,2020,"5,841"
Roselle borough,Union,2015,"21,466"
Roselle borough,Union,2020,"21,699"
Roselle Park borough,Union,2015,"13,555"
Roselle Park borough,Union,2020,"13,574"
Roxbury township,Morris,2015,"23,517"
Roxbury township,Morris,2020,"22,882"
Rumson borough,Monmouth,2015,"6,993"
Rumson borough,Monmouth,2020,"6,757"
Runnemede borough,Camden,2015,"8,414"
Runnemede borough,Camden,2020,"8,307"
Rutherford borough,Bergen,2015,"18,434"
Rutherford borough,Bergen,2020,"18,376"
Saddle Brook township,Bergen,2015,"13,954"
Saddle Brook township,Bergen,2020,"13,762"
Saddle River borough,Bergen,2015,"3,229"
Saddle River borough,Bergen,2020,"3,180"
Salem city,Salem,2015,"4,997"
Salem city,Salem,2020,"4,761"
Sandyston township,Sussex,2015,"1,939"
Sandyston township,Sussex,2020,"1,893"
Sayreville borough,Middlesex,2015,"44,051"
Sayreville borough,Middlesex,2020,"44,243"
Scotch Plains township,Union,2015,"23,954"
Scotch Plains township,Union,2020,"24,221"
Sea Bright borough,Monmouth,2015,"1,387"
Sea Bright borough,Monmouth,2020,"1,293"
Sea Girt borough,Monmouth,2015,"1,683"
Sea Girt borough,Monmouth,2020,"1,725"
Sea Isle City city,Cape May,2015,"1,788"
Sea Isle City city,Cape May,2020,"2,122"
Seaside Heights borough,Ocean,2015,"2,885"
Seaside Heights borough,Ocean,2020,"2,917"
Seaside Park borough,Ocean,2015,"1,543"
Seaside Park borough,Ocean,2020,"1,752"
Secaucus town,Hudson,2015,"18,170"
Secaucus town,Hudson,2020,"20,667"
Shamong township,Burlington,2015,"6,447"
Shamong township,Burlington,2020,"6,385"
Shiloh borough,Cumberland,2015,492
Shiloh borough,Cumberland,2020,368
Ship Bottom borough,Ocean,2015,914
Ship Bottom borough,Ocean,2020,"1,074"
Shrewsbury borough,Monmouth,2015,"3,923"
Shrewsbury borough,Monmouth,2020,"4,082"
Shrewsbury township,Monmouth,2015,"1,181"
Shrewsbury township,Monmouth,2020,"1,309"
Somerdale borough,Camden,2015,"5,298"
Somerdale borough,Camden,2020,"5,479"
Somers Point city,Atlantic,2015,"10,776"
Somers Point city,Atlantic,2020,"10,250"
Somerville borough,Somerset,2015,"12,212"
Somerville borough,Somerset,2020,"12,139"
South Amboy city,Middlesex,2015,"8,787"
South Amboy city,Middlesex,2020,"8,868"
South Bound Brook borough,Somerset,2015,"4,612"
South Bound Brook borough,Somerset,2020,"4,541"
South Brunswick township,Middlesex,2015,"44,875"
South Brunswick township,Middlesex,2020,"45,517"
South Hackensack township,Bergen,2015,"2,705"
South Hackensack township,Bergen,2020,"2,670"
South Harrison township,Gloucester,2015,"3,161"
South Harrison township,Gloucester,2020,"3,143"
South Orange Village township,Essex,2015,"16,305"
South Orange Village township,Essex,2020,"16,634"
South Plainfield borough,Middlesex,2015,"23,871"
South Plainfield borough,Middlesex,2020,"23,961"
South River borough,Middlesex,2015,"16,274"
South River borough,Middlesex,2020,"15,874"
South Toms River borough,Ocean,2015,"3,706"
South Toms River borough,Ocean,2020,"3,676"
Southampton township,Burlington,2015,"10,402"
Southampton township,Burlington,2020,"10,139"
Sparta township,Sussex,2015,"19,440"
Sparta township,Sussex,2020,"18,681"
Spotswood borough,Middlesex,2015,"8,413"
Spotswood borough,Middlesex,2020,"8,255"
Spring Lake borough,Monmouth,2015,"2,989"
Spring Lake borough,Monmouth,2020,"2,922"
Spring Lake Heights borough,Monmouth,2015,"4,683"
Spring Lake Heights borough,Monmouth,2020,"4,530"
Springfield township,Burlington,2015,"3,390"
Springfield township,Burlington,2020,"3,260"
Springfield township,Union,2015,"17,101"
Springfield township,Union,2020,"17,432"
Stafford township,Ocean,2015,"26,766"
Stafford township,Ocean,2020,"27,674"
Stanhope borough,Sussex,2015,"3,509"
Stanhope borough,Sussex,2020,"3,327"
Stillwater township,Sussex,2015,"3,995"
Stillwater township,Sussex,2020,"3,900"
Stockton borough,Hunterdon,2015,624
Stockton borough,Hunterdon,2020,472
Stone Harbor borough,Cape May,2015,875
Stone Harbor borough,Cape May,2020,876
Stow Creek township,Cumberland,2015,"1,365"
Stow Creek township,Cumberland,2020,"1,046"
Stratford borough,Camden,2015,"7,007"
Stratford borough,Camden,2020,"6,968"
Summit city,Union,2015,"21,869"
Summit city,Union,2020,"21,913"
Surf City borough,Ocean,2015,"1,130"
Surf City borough,Ocean,2020,"1,260"
Sussex borough,Sussex,2015,"1,972"
Sussex borough,Sussex,2020,"1,836"
Swedesboro borough,Gloucester,2015,"2,612"
Swedesboro borough,Gloucester,2020,"2,583"
Tabernacle township,Burlington,2015,"6,991"
Tabernacle township,Burlington,2020,"6,815"
Tavistock borough,Camden,2015,8
Tavistock borough,Camden,2020,5
Teaneck township,Bergen,2015,"40,569"
Teaneck township,Bergen,2020,"40,461"
Tenafly borough,Bergen,2015,"14,788"
Tenafly borough,Bergen,2020,"14,550"
Teterboro borough,Bergen,2015,85
Teterboro borough,Bergen,2020,110
Tewksbury township,Hunterdon,2015,"5,921"
Tewksbury township,Hunterdon,2020,"5,796"
Tinton Falls borough,Monmouth,2015,"17,872"
Tinton Falls borough,Monmouth,2020,"17,584"
Toms River township,Ocean,2015,"91,029"
Toms River township,Ocean,2020,"93,279"
Totowa borough,Passaic,2015,"10,931"
Totowa borough,Passaic,2020,"10,810"
Trenton city,Mercer,2015,"84,632"
Trenton city,Mercer,2020,"83,387"
Tuckerton borough,Ocean,2015,"3,364"
Tuckerton borough,Ocean,2020,"3,373"
Union Beach borough,Monmouth,2015,"5,885"
Union Beach borough,Monmouth,2020,"5,362"
Union City city,Hudson,2015,"68,656"
Union City city,Hudson,2020,"68,073"
Union township,Hunterdon,2015,"5,779"
Union township,Hunterdon,2020,"5,688"
Union township,Union,2015,"57,606"
Union township,Union,2020,"58,735"
Upper Deerfield township,Cumberland,2015,"7,622"
Upper Deerfield township,Cumberland,2020,"7,328"
Upper Freehold township,Monmouth,2015,"6,890"
Upper Freehold township,Monmouth,2020,"7,013"
Upper Pittsgrove township,Salem,2015,"3,474"
Upper Pittsgrove township,Salem,2020,"3,362"
Upper Saddle River borough,Bergen,2015,"8,335"
Upper Saddle River borough,Bergen,2020,"8,214"
Upper township,Cape May,2015,"12,157"
Upper township,Cape May,2020,"11,867"
Ventnor City city,Atlantic,2015,"10,593"
Ventnor City city,Atlantic,2020,"9,995"
Vernon township,Sussex,2015,"22,955"
Vernon township,Sussex,2020,"22,102"
Verona township,Essex,2015,"13,489"
Verona township,Essex,2020,"13,478"
Victory Gardens borough,Morris,2015,"1,593"
Victory Gardens borough,Morris,2020,"1,604"
Vineland city,Cumberland,2015,"60,987"
Vineland city,Cumberland,2020,"59,405"
Voorhees township,Camden,2015,"29,375"
Voorhees township,Camden,2020,"29,188"
Waldwick borough,Bergen,2015,"9,902"
Waldwick borough,Bergen,2020,"10,051"
Wall township,Monmouth,2015,"26,057"
Wall township,Monmouth,2020,"25,707"
Wallington borough,Bergen,2015,"11,584"
Wallington borough,Bergen,2020,"11,553"
Walpack township,Sussex,2015,4
Walpack township,Sussex,2020,8
Wanaque borough,Passaic,2015,"11,617"
Wanaque borough,Passaic,2020,"11,719"
Wantage township,Sussex,2015,"11,181"
Wantage township,Sussex,2020,"10,899"
Warren township,Somerset,2015,"15,867"
Warren township,Somerset,2020,"15,708"
Washington borough,Warren,2015,"6,466"
Washington borough,Warren,2020,"6,475"
Washington township,Bergen,2015,"9,271"
Washington township,Bergen,2020,"9,208"
Washington township,Burlington,2015,854
Washington township,Burlington,2020,609
Washington township,Gloucester,2015,"48,097"
Washington township,Gloucester,2020,"47,878"
Washington township,Morris,2015,"18,729"
Washington township,Morris,2020,"18,304"
Washington township,Warren,2015,"6,510"
Washington township,Warren,2020,"6,386"
Watchung borough,Somerset,2015,"5,900"
Watchung borough,Somerset,2020,"6,040"
Waterford township,Camden,2015,"10,726"
Waterford township,Camden,2020,"10,694"
Wayne township,Passaic,2015,"55,110"
Wayne township,Passaic,2020,"53,665"
Weehawken township,Hudson,2015,"13,215"
Weehawken township,Hudson,2020,"14,756"
Wenonah borough,Gloucester,2015,"2,199"
Wenonah borough,Gloucester,2020,"2,255"
West Amwell township,Hunterdon,2015,"2,794"
West Amwell township,Hunterdon,2020,"2,764"
West Caldwell township,Essex,2015,"10,936"
West Caldwell township,Essex,2020,"10,872"
West Cape May borough,Cape May,2015,966
West Cape May borough,Cape May,2020,"1,008"
West Deptford township,Gloucester,2015,"21,493"
West Deptford township,Gloucester,2020,"21,089"
West Long Branch borough,Monmouth,2015,"7,974"
West Long Branch borough,Monmouth,2020,"7,911"
West Milford township,Passaic,2015,"26,610"
West Milford township,Passaic,2020,"26,355"
West New York town,Hudson,2015,"51,860"
West New York town,Hudson,2020,"52,778"
West Orange township,Essex,2015,"47,014"
West Orange township,Essex,2020,"47,528"
West Wildwood borough,Cape May,2015,448
West Wildwood borough,Cape May,2020,409
West Windsor township,Mercer,2015,"27,872"
West Windsor township,Mercer,2020,"28,074"
Westampton township,Burlington,2015,"8,780"
Westampton township,Burlington,2020,"8,687"
Westfield town,Union,2015,"30,552"
Westfield town,Union,2020,"29,690"
Westville borough,Gloucester,2015,"4,247"
Westville borough,Gloucester,2020,"4,171"
Westwood borough,Bergen,2015,"11,140"
Westwood borough,Bergen,2020,"11,096"
Weymouth township,Atlantic,2015,"2,755"
Weymouth township,Atlantic,2020,"2,800"
Wharton borough,Morris,2015,"6,607"
Wharton borough,Morris,2020,"6,458"
White township,Warren,2015,"4,775"
White township,Warren,2020,"4,685"
Wildwood city,Cape May,2015,"5,234"
Wildwood city,Cape May,2020,"4,985"
Wildwood Crest borough,Cape May,2015,"3,227"
Wildwood Crest borough,Cape May,2020,"3,073"
Willingboro township,Burlington,2015,"31,476"
Willingboro township,Burlington,2020,"31,862"
Winfield township,Union,2015,"1,572"
Winfield township,Union,2020,"1,576"
Winslow township,Camden,2015,"39,178"
Winslow township,Camden,2020,"38,741"
Woodbine borough,Cape May,2015,"2,710"
Woodbine borough,Cape May,2020,"2,352"
Woodbridge township,Middlesex,2015,"101,164"
Woodbridge township,Middlesex,2020,"99,788"
Woodbury city,Gloucester,2015,"10,087"
Woodbury city,Gloucester,2020,"9,839"
Woodbury Heights borough,Gloucester,2015,"3,022"
Woodbury Heights borough,Gloucester,2020,"2,977"
Woodcliff Lake borough,Bergen,2015,"5,818"
Woodcliff Lake borough,Bergen,2020,"5,836"
Woodland Park borough,Passaic,2015,"12,267"
Woodland Park borough,Passaic,2020,"12,608"
Woodland township,Burlington,2015,"1,392"
Woodland township,Burlington,2020,"1,951"
Woodlynne borough,Camden,2015,"2,970"
Woodlynne borough,Camden,2020,"2,911"
Wood-Ridge borough,Bergen,2015,"7,938"
Wood-Ridge borough,Bergen,2020,"9,016"
Woodstown borough,Salem,2015,"3,562"
Woodstown borough,Salem,2020,"3,445"
Woolwich township,Gloucester,2015,"11,546"
Woolwich township,Gloucester,2020,"12,749"
Wrightstown borough,Burlington,2015,821
Wrightstown borough,Burlington,2020,546
Wyckoff township,Bergen,2015,"17,045"
Wyckoff township,Bergen,2020,"16,959"