Year,Residential Electricity,Commercial Electricity,Other Electricity,Residential Natural Gas,Commercial Natural Gas,Other Gas,Total MTCO2e,County,Municipality
2015,"14,820","7,842",582,"28,223","6,850","1,516","61,930",Monmouth,Aberdeen township
2020,"13,295","6,144",350,"26,379","5,657","1,468","55,111",Monmouth,Aberdeen township
2015,"9,382","9,024",118,"14,589","11,153","1,247","46,878",Atlantic,Absecon city
2020,"7,757","6,243",114,"13,307","7,281","1,282","37,379",Atlantic,Absecon city
2015,"6,006","1,525",11,,,"10,782","29,117",Hunterdon,Alexandria township
2020,"5,381",984,10,,,"7,363","21,110",Hunterdon,Alexandria township
2015,"5,251","1,740",264,"7,584",262,"2,955","21,273",Warren,Allamuchy township
2020,"4,531","1,332",226,"12,743",468,"6,275","32,074",Warren,Allamuchy township
2015,"7,179","7,431",0,"19,302","6,786",975,"42,648",Bergen,Allele borough
2020,"6,340","5,833",25,"18,032","6,128",588,"37,560",Bergen,Allele borough
2015,"1,247","1,379",28,"3,038",465,111,"6,408",Monmouth,Allenhurst borough
2020,"1,312",495,25,"2,749",391,0,"4,995",Monmouth,Allenhurst borough
2015,"1,726","1,356",113,"3,099","1,412",763,"9,343",Monmouth,Allentown borough
2020,"1,486",997,69,"2,722","1,265",268,"7,145",Monmouth,Allentown borough
2015,"3,251",859,19,32,,"9,975","24,129",Salem,Alloway township
2020,"2,515",592,21,71,,"12,836","28,891",Salem,Alloway township
2015,"2,101","4,327",536,"1,971","1,338","2,827","16,464",Warren,Alpha borough
2020,"1,880","3,916",366,"3,613","2,525","1,517","15,699",Warren,Alpha borough
2015,"5,311",,0,"12,648",779,75,"18,887",Bergen,Alpine borough
2020,"4,522","1,133",10,"11,643",578,92,"18,078",Bergen,Alpine borough
2015,780,673,28,,,"1,482","4,472",Sussex,Andover borough
2020,704,542,19,,,"2,723","6,729",Sussex,Andover borough
2015,"6,783","3,406",240,"1,287","2,816","9,356","33,483",Sussex,Andover township
2020,"5,876","2,552",215,"2,369","11,817","13,185","49,412",Sussex,Andover township
2015,"9,009","14,715","1,104","17,889","21,234","2,150","69,355",Monmouth,Asbury Park city
2020,"8,410","12,910",811,"13,319","14,894","1,469","54,093",Monmouth,Asbury Park city
2015,"21,791","215,703","1,875","37,775","357,165","111,624","859,431",Atlantic,Atlantic City city
2020,"18,831","152,948","1,630","32,053","334,895","75,892","693,773",Atlantic,Atlantic City city
2015,"4,832","2,825",110,"9,761","3,762","1,094","23,588",Monmouth,Atlantic Highlands borough
2020,"4,158","2,261",109,"142,451","45,912",417,"195,833",Monmouth,Atlantic Highlands borough
2015,"7,512","6,185",127,"14,080","5,968","2,720","39,438",Camden,Audubon borough
2020,"6,558","5,163",104,"12,390","4,788","1,593","32,293",Camden,Audubon borough
2015,,,1,,,11,22,Camden,Audubon Park borough
2020,,,1,,,44,90,Camden,Audubon Park borough
2015,"11,492","4,078",97,"15,651","3,466",52,"34,986",Cape May,Avalon borough
2020,"11,455","2,978",89,"15,049","3,520",11,"33,201",Cape May,Avalon borough
2015,"2,312",841,60,"5,349","1,212",173,"10,180",Monmouth,Avon-by-the-Sea borough
2020,"2,176",597,52,"4,723",876,125,"8,726",Monmouth,Avon-by-the-Sea borough
2015,"2,130",969,18,"2,577",447,95,"6,348",Ocean,Barnegat Light borough
2020,"1,984",760,16,"2,633",442,11,"5,871",Ocean,Barnegat Light borough
2015,"22,904","6,600",389,"37,117","3,885","6,772","84,827",Ocean,Barnegat township
2020,"20,358","6,040",342,"40,326","3,761","3,579","78,326",Ocean,Barnegat township
2015,"5,898","5,199",161,"9,340","6,239","5,049","37,097",Camden,Barrington borough
2020,"5,138","4,356",154,"8,155","4,717","5,061","32,798",Camden,Barrington borough
2015,"1,573",881,"1,287",189,"1,879","4,512","16,121",Burlington,Bass River township
2020,"1,180",636,"1,103","27,465","9,609","2,234","45,566",Burlington,Bass River township
2015,"2,358",847,"1,433","5,253",688,187,"12,385",Ocean,Bay Head borough
2020,"2,402",745,"1,420","4,951",668,21,"11,648",Ocean,Bay Head borough
2015,"36,477","40,570","9,268","85,372","480,463","19,204","699,827",Hudson,Bayonne city
2020,"33,252","37,008","7,566","78,074","83,184","10,750","268,151",Hudson,Bayonne city
2015,"7,935","3,618",81,"21,388","2,884",53,"36,094",Ocean,Beach Haven borough
2020,"7,913","2,951",51,"30,550","4,254",80,"45,930",Ocean,Beach Haven borough
2015,"9,655","1,785",93,"14,727","1,245","2,987","33,571",Ocean,Beachwood borough
2020,"8,196","1,385",106,"16,299","1,822","2,435","32,785",Ocean,Beachwood borough
2015,"9,000","21,529",132,"12,970","4,238","3,415","54,831",Somerset,Bedminster township
2020,"7,180","16,095",116,"10,906","3,550","5,156","48,275",Somerset,Bedminster township
2015,"21,629","19,231","1,852","49,826","29,755","9,057","142,258",Essex,Belleville township
2020,"19,214","15,645","1,404","46,529","26,938","7,563","126,260",Essex,Belleville township
2015,"9,391","12,844","2,058","15,788","11,384","5,322","64,168",Camden,Bellmawr borough
2020,"7,998","10,618","3,547","13,702","17,876","4,286","65,860",Camden,Bellmawr borough
2015,"6,358","4,558",205,"12,191","5,360",650,"30,176",Monmouth,Belmar borough
2020,"5,832","3,599",153,"10,973","4,569",260,"25,799",Monmouth,Belmar borough
2015,"2,712","1,460","2,586",896,"1,619","6,298","24,455",Warren,Belvidere town
2020,"2,332","1,150","10,700","2,097","1,851","153,985","336,800",Warren,Belvidere town
2015,"17,577","7,922",902,"42,590","13,642","3,484","90,503",Bergen,Bergenfield borough
2020,"15,567","5,841",391,"37,268","11,880","2,927","77,193",Bergen,Bergenfield borough
2015,"11,468","35,351","3,287","28,623","24,271","3,563","113,412",Union,Berkeley heights township
2020,"9,946","20,129","1,680","25,714","17,080","2,185","80,598",Union,Berkeley heights township
2015,"42,083","12,762","4,938","91,606","12,295","9,883","188,390",Ocean,Berkeley township
2020,"36,602","12,537","3,900","11,114","1,774","5,002","79,830",Ocean,Berkeley township
2015,"10,743","11,517","2,673","15,057","13,375","1,302","58,641",Camden,Berlin borough
2020,"8,649","8,610","15,994","13,135","11,435",819,"75,457",Camden,Berlin borough
2015,"6,577","6,907",427,"6,607","15,920",772,"38,410",Camden,Berlin township
2020,"5,442","4,426",314,"6,547","12,912",626,"31,206",Camden,Berlin township
2015,"30,913","33,889","1,416","64,214","36,550","3,458","175,314",Somerset,Bernards township
2020,"25,914","26,549","1,154","57,258","28,818","2,661","146,170",Somerset,Bernards township
2015,"11,784","6,921","4,322","19,677","5,686","3,158","59,027",Somerset,Bernardsville borough
2020,"10,159","5,369","3,104","19,955","5,041","4,036","54,803",Somerset,Bernardsville borough
2015,"4,669",810,"2,161",262,,"8,016","26,095",Hunterdon,Bethlehem township
2020,"4,089",594,"1,246",474,,"11,388","30,424",Hunterdon,Bethlehem township
2015,"1,914",544,59,"4,044",606,680,"8,586",Burlington,Beverly city
2020,"1,787",403,58,"3,660",479,611,"7,667",Burlington,Beverly city
2015,"7,287","3,935",223,,,"14,391","40,449",Warren,Blairstown township
2020,"6,342","3,076",266,,,"10,831","31,612",Warren,Blairstown township
2015,"29,515","24,967","2,534","72,932","37,063","16,179","201,904",Essex,Bloomfield township
2020,"27,527","20,648","1,851","68,041","33,599","10,970","175,457",Essex,Bloomfield township
2015,33,,0,"12,704","2,622","2,374","20,107",Passaic,Bloomingdale borough
2020,39,,0,"11,498","2,060","7,903","29,402",Passaic,Bloomingdale borough
2015,988,977,139,273,111,"1,512","5,650",Hunterdon,Bloomsbury borough
2020,811,666,138,574,201,"1,430","5,387",Hunterdon,Bloomsbury borough
2015,"5,111","2,260",356,"12,835","4,519","1,645","28,727",Bergen,Bogota borough
2020,"4,556","1,749",219,"11,518","3,708","1,965","25,898",Bergen,Bogota borough
2015,"6,282","6,544",685,"15,142","8,922","4,651","47,561",Morris,Boonton Town
2020,"5,843","5,108",403,"14,387","7,424","3,765","41,098",Morris,Boonton Town
2015,"5,599","3,416","3,161","4,007","1,380","5,976","32,675",Morris,Boonton township
2020,"4,955","2,892","2,257","3,914","2,061","4,992","28,319",Morris,Boonton township
2015,"3,170","2,808",599,"6,186","3,828","1,344","19,880",Burlington,Bordentown city
2020,"2,830","1,682",69,"5,471","2,774",982,"14,860",Burlington,Bordentown city
2015,"9,621","11,136",965,"16,825","10,357","1,873","53,615",Burlington,Bordentown township
2020,"8,219","11,856","1,039","14,617","11,397","1,752","51,673",Burlington,Bordentown township
2015,"6,684","5,864",866,"15,740","7,444","2,072","41,610",Somerset,Bound Brook borough
2020,"6,134","4,811",700,"13,908","6,438","1,121","34,931",Somerset,Bound Brook borough
2015,"4,144","2,100",97,"8,896","2,899",773,"19,780",Monmouth,Bradley Beach borough
2020,"3,771","1,652",28,"7,753","2,399",275,"16,180",Monmouth,Bradley Beach borough
2015,"15,101","52,592","21,086","29,493","41,396","7,300","195,354",Somerset,Branchburg township
2020,"13,134","42,082","13,013","27,370","36,641","11,137","167,526",Somerset,Branchburg township
2015,924,"2,826",10,,,"1,392","6,553",Sussex,Branchville borough
2020,897,"1,129",9,,,"1,613","5,271",Sussex,Branchville borough
2015,"77,277","45,384","4,785","113,210","27,837","15,450","304,177",Ocean,Brick township
2020,"65,984","34,167","4,513","103,343","24,164","6,009","248,702",Ocean,Brick township
2015,"32,323","43,647","20,973","16,662","37,259","282,651","737,138",Cumberland,Bridgeton city
2020,"25,505","33,730","16,161","15,933","35,338","205,531","553,890",Cumberland,Bridgeton city
2015,"39,568","95,439","16,579","88,007","75,202","39,792","410,960",Somerset,Bridgewater township
2020,"33,965","77,117","14,309","77,988","61,189","47,926","374,729",Somerset,Bridgewater township
2015,"6,614","2,241",46,"12,034","2,342",757,"24,838",Monmouth,Brielle borough
2020,"5,931","1,517",40,"116,425","30,546",253,"155,005",Monmouth,Brielle borough
2015,"15,486","5,230",160,"22,780","13,720","1,476","60,486",Atlantic,Brigantine city
2020,"12,933","3,752",142,"19,008","11,089",859,"48,784",Atlantic,Brigantine city
2015,"1,445","2,730",50,"2,496","2,179",573,"10,097",Camden,Brooklawn borough
2020,"1,232","1,952",52,"2,280","1,572",466,"8,070",Camden,Brooklawn borough
2015,"3,900","1,296",147,"6,283","2,276","4,285","22,619",Atlantic,Buena borough
2020,"2,936",880,142,"5,508","3,030","2,455","17,547",Atlantic,Buena borough
2015,"9,676","4,772","3,404","7,013","1,549","11,176","52,172",Atlantic,Buena Vista township
2020,"7,448","4,113","4,579","6,669","1,741","7,234","43,598",Atlantic,Buena Vista township
2015,"7,514","8,529","4,624","15,804","10,257","3,123","57,598",Burlington,Burlington city
2020,"6,675","6,734","4,729","13,624","6,640","1,716","46,562",Burlington,Burlington city
2015,"18,987","29,490","1,437","34,100","43,175","69,843","268,312",Burlington,Burlington township
2020,"15,886","21,047","1,310","29,869","40,747","50,397","210,962",Burlington,Burlington township
2015,2,84,318,"14,721","5,285","2,100","24,926",Morris,Butler borough
2020,3,56,204,"13,555","4,675","2,262","23,221",Morris,Butler borough
2015,"9,267","3,573",130,,,"14,862","42,824",Sussex,Byram township
2020,"8,031","2,808",94,,,"17,472","45,972",Sussex,Byram township
2015,"5,561","6,536",172,"13,465","10,571","1,488","39,453",Essex,Caldwell borough
2020,"4,928","4,903",154,"12,074","9,443",870,"33,396",Essex,Caldwell borough
2015,"1,189","1,081",36,774,494,"1,725","7,061",Hunterdon,Califon borough
2020,"1,058",815,27,"1,444","1,054","2,186","8,797",Hunterdon,Califon borough
2015,"39,458","95,037","30,008","91,986","217,671","44,213","592,594",Camden,Camden city
2020,"36,316","78,283","23,714","76,087","97,843","92,594","521,145",Camden,Camden city
2015,"8,296","11,681",942,"10,056","7,165",443,"39,969",Cape May,Cape May City
2020,"7,012","9,885",141,"8,184","5,546",100,"31,110",Cape May,Cape May City
2015,"1,134",471,9,694,21,183,"2,707",Cape May,Cape May Point borough
2020,982,392,8,786,19,132,"2,459",Cape May,Cape May Point borough
2015,"4,460","90,144","12,487","11,115","22,027","14,366","181,452",Bergen,Carlstadt borough
2020,"3,712","59,960","23,915","9,056","19,152","12,401","164,510",Bergen,Carlstadt borough
2015,"5,515","8,894",255,"7,644","4,321","5,548","37,980",Salem,Carneys Point township
2020,"4,560","7,058","1,044","6,054","4,585","4,841","34,028",Salem,Carneys Point township
2015,"15,098","34,486","26,450","25,093","17,853","6,772","158,974",Middlesex,Carteret borough
2020,"13,231","34,389","25,868","46,375","30,848","53,588","283,756",Middlesex,Carteret borough
2015,"11,082","9,739","1,497","27,094","14,752","2,730","71,121",Essex,Cedar Grove township
2020,"9,872","7,441","1,330","23,813","12,980","1,943","60,650",Essex,Cedar Grove township
2015,"7,682","6,360",199,"19,424","7,329","1,542","44,276",Morris,Chatham borough
2020,"6,711","4,404",158,"17,258","6,305",689,"36,373",Morris,Chatham borough
2015,"11,900","5,147",396,"24,349","4,838","1,460","49,944",Morris,Chatham township
2020,"10,226","3,797",384,"22,842","4,181","1,779","45,373",Morris,Chatham township
2015,"68,180","104,034","7,465","122,002","70,877","13,721","407,465",Camden,Cherry Hill township
2020,"57,607","78,151","4,873","103,713","59,548","26,912","362,588",Camden,Cherry Hill township
2015,"1,621",368,23,"1,858",410,"1,003","6,309",Camden,Chesilhurst borough
2020,"1,269",362,19,"1,611",465,795,"5,334",Camden,Chesilhurst borough
2015,"1,927","5,302",39,"4,819","4,312",938,"18,312",Morris,Chester borough
2020,"1,681","4,000",41,"4,436","3,930",793,"15,715",Morris,Chester borough
2015,"11,231","3,207",5,"16,899","1,234","7,257","47,095",Morris,Chester township
2020,"9,521","2,608",6,"16,488","1,171","4,836","39,472",Morris,Chester township
2015,"5,397","5,258","7,843","6,652","13,625","5,723","58,063",Burlington,Chesterfield township
2020,"5,033","3,938","3,348","7,038","3,829","2,655","31,845",Burlington,Chesterfield township
2015,"15,377","16,924","1,348","27,479","12,673","3,265","81,678",Burlington,Cinnaminson township
2020,"13,345","13,329","1,455","24,383","10,248","6,223","76,660",Burlington,Cinnaminson township
2015,"14,623","17,259","2,662","35,491","32,247","6,800","118,545",Essex,City of Orange township
2020,"13,751","13,472","1,507","33,784","30,116","6,227","106,591",Essex,City of Orange township
2015,"13,256","14,280","3,306","22,220","14,833","2,736","76,673",Union,Clark township
2020,"11,665","13,028","3,817","38,467","22,619","15,923","125,260",Union,Clark township
2015,"7,487","3,065","4,180","10,888","5,080","9,095","53,070",Gloucester,Clayton borough
2020,"6,106","2,509","3,066","9,803","3,523","7,113","42,300",Gloucester,Clayton borough
2015,"12,737","6,176",137,"5,485","2,562","2,167","31,567",Camden,Clementon borough
2020,"10,483","3,979",105,"5,107","1,939",399,"22,518",Camden,Clementon borough
2015,"18,013","11,299",277,"26,438","14,964","5,969","83,206",Bergen,Cliffside Park borough
2020,"15,969","9,680",224,"24,940","14,480","5,886","77,290",Bergen,Cliffside Park borough
2015,"53,947","81,865","20,961","141,618","73,713","21,801","436,667",Passaic,Clifton city
2020,"47,131","69,658","23,911","125,596","62,163","20,697","393,763",Passaic,Clifton city
2015,"2,916","2,865",443,"2,936","3,177","1,665","16,109",Hunterdon,Clinton town
2020,"2,621","1,896",363,"5,469","11,508","16,347","54,913",Hunterdon,Clinton town
2015,"14,357","14,764","4,466","11,946","3,879","11,433","76,743",Hunterdon,Clinton township
2020,"12,465","11,059","5,447","21,316","5,123","97,747","256,351",Hunterdon,Clinton township
2015,"8,504","5,798",0,"23,200","5,578","1,738","46,556",Bergen,Closter borough
2020,"7,305","4,967",26,"20,927","5,764",768,"40,552",Bergen,Closter borough
2015,"9,873","8,599",788,"19,411","10,770","3,999","58,228",Camden,Collingswood borough
2020,"8,912","6,756",555,"16,984","9,861","3,550","50,724",Camden,Collingswood borough
2015,"17,236","6,362","2,266","28,464","6,523","1,666","66,450",Monmouth,Colts Neck township
2020,"14,843","4,565","2,008","27,846","5,452","2,663","62,049",Monmouth,Colts Neck township
2015,"1,949","1,411","1,375","4,807",556,"11,229","33,932",Cumberland,Commercial township
2020,"1,385",915,"1,138","3,916",421,"12,210","33,332",Cumberland,Commercial township
2015,637,362,6,184,143,"2,039","5,416",Atlantic,Corbin City city
2020,528,247,4,182,43,"1,362","3,733",Atlantic,Corbin City city
2015,"4,444","23,178","3,272","8,189","21,753","5,677","75,463",Middlesex,Cranbury township
2020,"3,887","24,903",855,"7,537","26,691",718,"66,164",Middlesex,Cranbury township
2015,"18,385","26,994","3,004","35,292","13,619","6,959","114,215",Union,Cranford township
2020,"16,422","21,335","2,188","55,598","19,638","4,699","126,768",Union,Cranford township
2015,"8,874","4,352",0,"23,879","3,370",791,"42,057",Bergen,Cresskill borough
2020,"7,953","3,081",36,"21,733","3,023",570,"37,003",Bergen,Cresskill borough
2015,"4,374","1,120",60,"7,467","1,142",177,"14,575",Monmouth,Deal borough
2020,"4,692",970,53,"8,634","1,121",53,"15,628",Monmouth,Deal borough
2015,"2,408","4,973","1,014","2,042","3,568","5,890","26,800",Cumberland,Deerfield township
2020,"1,968","1,981",987,"2,112","2,928","3,346","17,655",Cumberland,Deerfield township
2015,"4,444","2,092",671,"7,454","1,232","1,769","20,103",Burlington,Delanco township
2020,"3,779","2,500",555,"6,526","2,394","1,931","20,173",Burlington,Delanco township
2015,"6,377","1,257",13,641,50,"12,030","32,412",Hunterdon,Delaware township
2020,"5,636",938,11,"1,206",80,"14,396","36,673",Hunterdon,Delaware township
2015,"14,967","12,123","4,673","22,069","12,580","3,618","78,321",Burlington,Delran township
2020,"12,877","8,898","3,983","19,439","11,829","1,599","64,207",Burlington,Delran township
2015,"5,745",,0,"15,965","2,228",196,"24,331",Bergen,Demarest borough
2020,"5,066","1,264",16,"14,577","1,710",627,"23,901",Bergen,Demarest borough
2015,"7,530","4,335",23,"11,437","3,609","13,809","54,575",Cape May,Dennis township
2020,"5,675","3,592",25,"10,371","2,132","10,337","42,493",Cape May,Dennis township
2015,"16,235","23,019","1,179","28,425","17,694","10,419","108,570",Morris,Denville township
2020,"14,121","17,205",657,"27,234","20,667","8,677","97,896",Morris,Denville township
2015,"23,183","27,531",609,"43,132","25,702","6,638","134,043",Gloucester,Deptford township
2020,"19,510","17,445",523,"37,750","22,036","7,227","112,242",Gloucester,Deptford township
2015,"10,279","13,001","2,530","20,896","12,263","5,719","72,936",Morris,Dover town
2020,"8,955","10,330","2,148","19,532","13,676","4,894","66,575",Morris,Dover town
2015,"1,783",347,"4,127","1,153",71,"16,938","45,484",Cumberland,Downe township
2020,"1,288","1,404","1,537",904,86,"11,859","30,475",Cumberland,Downe township
2015,"12,602","3,880",606,"30,713","7,943","2,934","62,218",Bergen,Dumont borough
2020,"10,871","3,001",442,"26,497","7,006","1,962","52,183",Bergen,Dumont borough
2015,"4,797","2,634",212,"11,096","4,494","1,769","26,983",Middlesex,Dunellen borough
2020,"4,218","1,821",199,"10,347","3,360","1,543","23,230",Middlesex,Dunellen borough
2015,"2,288",998,759,"2,718",686,"1,743","11,693",Ocean,Eagleswood township
2020,"1,851",798,817,"2,528",562,938,"9,250",Ocean,Eagleswood township
2015,"5,273","1,368",40,"1,062",820,"6,960","22,521",Hunterdon,East Amwell township
2020,"4,524","1,091",33,"1,941","1,238","9,127","27,114",Hunterdon,East Amwell township
2015,"36,975","52,990","3,869","83,655","42,050","4,925","233,260",Middlesex,East Brunswick township
2020,"32,042","39,663","3,122","73,161","32,763","6,163","196,201",Middlesex,East Brunswick township
2015,"10,388","3,425",794,"13,620","2,736","199,485","430,727",Gloucester,East Greenwich township
2020,"9,072","2,881","3,349","13,126","3,741","126,241","288,001",Gloucester,East Greenwich township
2015,"10,454","19,614","36,601","28,363","20,783","14,030","180,476",Morris,East Hanover township
2020,"9,383","16,185","24,451","24,723","16,726","8,282","132,483",Morris,East Hanover township
2015,"1,132",717,81,"2,940","1,103",249,"6,552",Hudson,East Newark borough
2020,987,474,74,"2,702",987,258,"5,814",Hudson,East Newark borough
2015,"30,649","40,862","1,588","76,096","81,210","25,629","283,251",Essex,East Orange city
2020,"29,478","31,791","1,330","72,199","75,146","16,820","244,913",Essex,East Orange city
2015,"6,736","30,907","18,887","12,151","23,258","5,319","121,464",Bergen,East Rutherford borough
2020,"5,946","48,946","2,232","10,841","25,320","3,362","102,241",Bergen,East Rutherford borough
2015,"20,693","29,075","1,407","34,491","24,619","5,251","122,194",Mercer,East Windsor township
2020,"17,667","20,793","2,743","30,537","25,111","3,800","107,195",Mercer,East Windsor township
2015,"5,386","1,771",109,"7,188","1,554","2,232","20,581",Burlington,Eastampton township
2020,"4,908","1,332",114,"6,695","1,339","1,001","16,503",Burlington,Eastampton township
2015,"12,275","37,836",935,"14,623","18,443","2,754","90,553",Monmouth,Eatontown borough
2020,"10,504","24,268",742,"11,843","3,212","2,403","56,118",Monmouth,Eatontown borough
2015,"11,324","18,165",640,"9,752","14,055","1,768","58,111",Bergen,Edgewater borough
2020,"10,425","13,862",585,"9,451","14,810","1,097","51,911",Bergen,Edgewater borough
2015,"7,058","5,551",118,"12,540","4,809","1,769","33,732",Burlington,Edgewater Park township
2020,"6,030","4,052",107,"10,962","4,124",777,"26,936",Burlington,Edgewater Park township
2015,"65,847","172,752","25,872","134,859","116,850","38,117","618,285",Middlesex,Edison township
2020,"56,215","165,183","18,452","181,462","174,240","39,315","692,634",Middlesex,Edison township
2015,"4,951","4,219",612,"5,526","3,420","4,629","28,597",Atlantic,Egg Harbor City city
2020,"4,051","3,273",998,"5,253","4,072","2,994","24,632",Atlantic,Egg Harbor City city
2015,"29,772","30,086",738,"64,176","48,599","28,812","231,732",Atlantic,Egg Harbor township
2020,"23,289","23,311",439,"56,941","37,333","17,038","175,828",Atlantic,Egg Harbor township
2015,"58,657","124,446","22,378","121,165","114,106","18,988","501,104",Union,Elizabeth city
2020,"53,494","98,424","23,872","214,180","198,359","46,102","704,405",Union,Elizabeth city
2015,"1,101",255,115,"2,323","4,275","6,355","20,894",Gloucester,Elk township
2020,873,300,64,"3,112","5,068","5,362","20,203",Gloucester,Elk township
2015,"8,204","3,753",220,"1,721","3,849","1,393","20,753",Salem,Elmer borough
2020,"6,441","2,874",106,"1,574","3,586",745,"16,176",Salem,Elmer borough
2015,"13,243","14,804","46,143","29,137","91,208","4,931","250,539",Bergen,Elmwood Park borough
2020,"11,607","12,520","22,662","26,965","35,945","2,637","137,634",Bergen,Elmwood Park borough
2015,60,3,7,,,"3,411","6,898",Salem,Elsinboro township
2020,59,2,6,2,,"2,324","4,722",Salem,Elsinboro township
2015,"6,448","5,223",207,"15,423","3,950","1,106","33,669",Bergen,Emerson borough
2020,"5,587","3,842",154,"13,748","3,153","1,600","29,837",Bergen,Emerson borough
2015,"22,492","37,377","3,959","50,478","42,548","11,197","183,207",Bergen,Englewood city
2020,"20,162","28,946","2,474","45,823","40,708","7,665","155,918",Bergen,Englewood city
2015,"6,624","19,738",287,"19,955","8,294",309,"55,801",Bergen,Englewood Cliffs borough
2020,"5,806","15,109",293,"18,203","6,760",144,"46,753",Bergen,Englewood Cliffs borough
2015,"2,430","2,704",46,"3,756","2,443",605,"12,635",Monmouth,Englishtown borough
2020,"2,013","2,171",40,"3,570","2,321",459,"11,071",Monmouth,Englishtown borough
2015,"3,264",474,558,"9,199",599,209,"15,070",Essex,Essex Fells borough
2020,"2,910",380,427,"8,460",488,130,"13,353",Essex,Essex Fells borough
2015,"2,000",387,29,257,39,"8,680","20,100",Atlantic,Estell Manor city
2020,"1,518",395,18,243,102,"9,613","21,520",Atlantic,Estell Manor city
2015,"45,949","44,957",792,"66,577","25,653","7,956","200,633",Burlington,Evesham township
2020,"38,476","33,810",735,"58,097","22,101","4,226","162,407",Burlington,Evesham township
2015,"26,917","59,767","5,554","49,796","92,639","20,515","281,258",Mercer,Ewing township
2020,"24,280","47,216","4,643","45,812","66,689","17,685","228,653",Mercer,Ewing township
2015,"6,858","1,796",46,"12,809","1,490",696,"24,437",Monmouth,Fair Haven borough
2020,"5,961","1,319",42,"12,534","1,195",642,"22,375",Monmouth,Fair Haven borough
2015,"24,694","31,417","6,825","61,622","21,145","23,228","198,983",Bergen,Fair Lawn borough
2020,"21,695","22,731","5,025","55,738","17,659","20,134","168,143",Bergen,Fair Lawn borough
2015,"1,306","3,030",134,"2,189",733,"6,681","20,889",Cumberland,Fairfield township
2020,903,"2,473",142,"2,100",778,"5,151","16,841",Cumberland,Fairfield township
2015,"7,943","39,038","8,391","18,450","36,145","5,173","128,704",Essex,Fairfield township
2020,"6,892","30,980","6,221","17,246","32,174","4,513","108,762",Essex,Fairfield township
2015,"7,127","7,128","1,684","15,755","10,751","3,675","51,479",Bergen,Fairview borough
2020,"6,351","5,416","1,121","14,972","9,793","1,763","42,300",Bergen,Fairview borough
2015,"6,135","2,097",129,"11,525","1,266","1,757","24,793",Union,Fanwood borough
2020,"5,485","1,331",128,"17,852","1,788","1,777","30,265",Union,Fanwood borough
2015,"1,981",933,6,"2,567",451,839,"7,622",Somerset,Far Hills borough
2020,"1,690",549,5,"2,494",345,"1,054","7,198",Somerset,Far Hills borough
2015,"1,393","1,690",34,"2,322","1,306",526,"7,832",Monmouth,Farmingdale borough
2020,"1,242","1,318",33,"2,142","1,120",58,"6,002",Monmouth,Farmingdale borough
2015,510,208,"3,917",841,204,"7,006","23,609",Burlington,Fieldsboro borough
2020,433,180,"3,535",758,160,"7,760","24,119",Burlington,Fieldsboro borough
2015,"3,895","9,000",287,"4,241","5,717","2,260","27,948",Hunterdon,Flemington borough
2020,"3,726","6,697",237,"7,842","11,340","26,067","82,212",Hunterdon,Flemington borough
2015,"10,932","14,555","5,308","18,388","11,892","4,449","75,281",Burlington,Florence township
2020,"9,374","13,555","4,580","15,806","10,634","6,640","71,810",Burlington,Florence township
2015,"11,668","34,612","6,340","25,078","11,320","5,781","106,919",Morris,Florham Park borough
2020,"9,873","28,443","4,214","23,597","11,433","3,289","88,353",Morris,Florham Park borough
2015,"1,160","1,467",584,"1,366","2,118","3,178","13,634",Atlantic,Folsom borough
2020,903,878,394,"1,578","2,356","3,693","13,888",Atlantic,Folsom borough
2015,"23,071","47,132","2,975","33,202","50,567","10,559","181,042",Bergen,Fort Lee borough
2020,"21,442","38,270","2,076","30,633","57,417","6,907","165,728",Bergen,Fort Lee borough
2015,"4,135","2,777",49,365,"1,286","18,794","46,248",Sussex,Frankford township
2020,"3,880","2,282",44,"1,617","3,841","20,045","51,800",Sussex,Frankford township
2015,"5,111","5,506",288,763,"1,649","7,828","29,261",Sussex,Franklin borough
2020,"4,133","4,132",244,"1,646","3,432","10,918","35,666",Sussex,Franklin borough
2015,"17,827","14,844",0,"48,156","9,458","1,134","92,553",Bergen,Franklin Lakes borough
2020,"15,841","9,946",31,"45,797","7,615",965,"81,191",Bergen,Franklin Lakes borough
2015,"15,168","5,701",828,"12,167","6,280","26,344","93,660",Gloucester,Franklin township
2020,"11,818","3,696",468,"13,145","5,317","15,794","66,501",Gloucester,Franklin township
2015,"4,015","3,933",12,194,936,"9,054","27,213",Hunterdon,Franklin township
2020,"3,616","2,932",11,377,"1,552","8,743","25,983",Hunterdon,Franklin township
2015,"50,402","129,151","25,223","108,057","74,206","15,363","442,985",Somerset,Franklin township
2020,"44,307","118,312","27,088","98,342","68,256","17,458","418,308",Somerset,Franklin township
2015,"3,615","2,108",332,763,"1,649","5,825","20,450",Warren,Franklin township
2020,"3,067","1,774",207,"3,990","2,520","5,041","21,846",Warren,Franklin township
2015,"3,933",926,370,415,147,"9,538","25,238",Sussex,Fredon township
2020,"3,418",820,194,680,462,"8,209","22,187",Sussex,Fredon township
2015,"7,237","10,848","15,284","14,449","40,407","2,611","108,730",Monmouth,Freehold borough
2020,"6,348","8,841","12,424","14,317","48,309","1,505","105,674",Monmouth,Freehold borough
2015,"35,663","56,479","7,245","58,487","27,876","6,887","206,769",Monmouth,Freehold township
2020,"30,514","36,921","5,657","58,020","29,223","3,261","172,514",Monmouth,Freehold township
2015,"2,565",691,171,,,"8,617","20,833",Warren,Frelinghuysen township
2020,"2,198",561,166,,,"6,421","15,933",Warren,Frelinghuysen township
2015,"1,594","1,043",199,575,334,"2,231","8,408",Hunterdon,Frenchtown borough
2020,"1,376",761,119,"1,458",704,"1,309","7,154",Hunterdon,Frenchtown borough
2015,"31,346","50,616",379,"50,173","156,805","18,426","326,550",Atlantic,Galloway township
2020,"24,415","34,325",267,"45,109","230,969","10,235","355,821",Atlantic,Galloway township
2015,"16,589","12,872","5,270","42,977","18,643","4,310","110,240",Bergen,Garfield city
2020,"14,814","9,321","4,224","39,845","15,936","4,625","97,615",Bergen,Garfield city
2015,"3,294","5,845",659,"6,166","3,647","1,782","23,834",Union,Garwood borough
2020,"2,875","3,107",621,"9,593","5,172",537,"23,063",Union,Garwood borough
2015,"2,236","3,739",262,"3,970","6,652",682,"18,485",Camden,Gibbsboro borough
2020,"1,818","2,888",79,"3,411","5,210",477,"14,439",Camden,Gibbsboro borough
2015,"15,210","20,496",431,"22,936","58,607","18,408","154,929",Gloucester,Glassboro borough
2020,"12,811","20,944",291,"20,637","57,185","8,008","128,175",Gloucester,Glassboro borough
2015,"1,627",323,313,"1,787",150,"1,174","6,861",Hunterdon,Glen Gardner borough
2020,"1,415",258,329,"3,209",186,"1,478","8,682",Hunterdon,Glen Gardner borough
2015,"6,683","7,458",64,"18,934","8,075","2,169","45,617",Essex,Glen Ridge borough
2020,"5,960","6,201",59,"17,082","6,504","2,013","39,891",Essex,Glen Ridge borough
2015,"10,751","6,565",653,"28,997","5,844","1,397","56,257",Bergen,Glen Rock borough
2020,"9,363","4,493",438,"25,762","5,223",788,"47,294",Bergen,Glen Rock borough
2015,"8,629","10,454",629,"14,447","8,129","5,761","54,438",Camden,Gloucester City city
2020,"7,828","8,422",324,"13,467","8,167","3,662","45,857",Camden,Gloucester City city
2015,"46,622","21,009","2,650","81,242","188,204","9,388","361,154",Camden,Gloucester township
2020,"38,266","16,596","2,254","70,553","154,621","12,076","308,696",Camden,Gloucester township
2015,"6,684","7,311",620,"15,205","5,625",894,"37,852",Somerset,Green Brook township
2020,"5,815","5,390",511,"13,317","4,711",831,"31,919",Somerset,Green Brook township
2015,"4,855","1,686",374,,,"5,989","19,267",Sussex,Green township
2020,"4,239","1,497",399,,,"5,324","17,183",Sussex,Green township
2015,904,114,8,"5,001","2,440","2,928","14,331",Cumberland,Greenwich township
2020,717,100,7,"4,768","2,722","2,025","12,371",Cumberland,Greenwich township
2015,"4,720","3,010","3,107","2,011","1,831","3,705","25,197",Gloucester,Greenwich township
2020,"3,814","2,785","1,806","1,910","2,223","3,851","22,045",Gloucester,Greenwich township
2015,"5,229","5,717","1,394","7,830","3,278","4,664","34,171",Warren,Greenwich township
2020,"4,654","4,247","1,221","13,702","4,952","4,440","38,876",Warren,Greenwich township
2015,"4,462","8,409",205,"7,917","9,787","1,621","34,230",Hudson,Guttenberg town
2020,"3,922","6,720",187,"7,114","8,037","1,148","28,462",Hudson,Guttenberg town
2015,"30,071","86,416","2,119","34,907","93,270","10,289","269,481",Bergen,Hackensack city
2020,"25,989","68,149","1,669","30,860","79,760","6,173","220,441",Bergen,Hackensack city
2015,"7,976","12,140","1,040","9,166","13,903","4,756","54,778",Warren,Hackettstown town
2020,"6,909","9,063",934,"15,271","24,199","80,094","217,497",Warren,Hackettstown town
2015,"6,812","3,633",132,"12,995","3,937","1,872","31,383",Camden,Haddon Heights borough
2020,"6,025","2,984",99,"11,435","3,314","1,982","27,919",Camden,Haddon Heights borough
2015,"11,894","18,207",680,"22,186","13,209","4,152","75,160",Camden,Haddon township
2020,"10,807","14,410",489,"19,587","11,775","3,149","63,855",Camden,Haddon township
2015,"12,980","6,684",297,"24,949","5,471","2,356","55,390",Camden,Haddonfield borough
2020,"11,490","4,557",183,"21,912","4,680","1,320","45,645",Camden,Haddonfield borough
2015,"6,555","4,800",392,"8,823","3,443","7,856","40,118",Burlington,Hainesport township
2020,"5,483","2,794",526,"7,834","5,338","5,926","34,354",Burlington,Hainesport township
2015,"4,819","3,883","2,536","17,662","8,676","4,243","48,599",Passaic,Haledon borough
2020,"4,339","2,907","2,268","12,640","14,908","3,756","46,841",Passaic,Haledon borough
2015,"3,835","1,324","1,468","2,984","2,832","2,328","18,565",Sussex,Hamburg borough
2020,"3,193","1,078","1,063","5,612","4,393","5,733","27,867",Sussex,Hamburg borough
2015,"35,005","38,583",308,"29,783","22,017","20,676","167,357",Atlantic,Hamilton township
2020,"27,961","27,003",301,"27,193","20,545","17,336","137,977",Atlantic,Hamilton township
2015,"74,862","90,351","10,439","134,723","78,774","45,915","491,420",Mercer,Hamilton township
2020,"64,016","68,156","6,140","120,684","72,765","17,142","372,185",Mercer,Hamilton township
2015,"18,194","17,032","2,012","18,771","13,248","6,911","85,091",Atlantic,Hammonton town
2020,"14,047","13,859","1,233","16,999","12,297","5,806","71,282",Atlantic,Hammonton town
2015,"1,578",504,351,424,376,"2,570","8,723",Hunterdon,Hampton borough
2020,"1,423",365,235,"1,069",684,"1,724","7,459",Hunterdon,Hampton borough
2015,"5,557","5,049",10,"1,743","1,512","14,503","42,889",Sussex,Hampton township
2020,"4,819","3,519",9,"2,854","3,047","10,737","35,731",Sussex,Hampton township
2015,"13,239","35,952","17,976","30,458","24,572","23,301","186,775",Morris,Hanover township
2020,"11,534","26,716","15,224","27,629","23,986","17,410","155,133",Morris,Hanover township
2015,"8,671","4,968",92,"17,680","1,152",659,"33,973",Morris,Harding township
2020,"7,404","3,887",78,"17,586","1,031","1,070","32,205",Morris,Harding township
2015,"1,855",602,1,,,"6,360","15,179",Warren,Hardwick township
2020,"1,583",445,1,,,"3,635","9,298",Warren,Hardwick township
2015,"7,801","5,887",128,"6,951","3,555","14,557","53,564",Sussex,Hardyston township
2020,"6,851","3,140",116,"12,813","5,589","10,278","49,182",Sussex,Hardyston township
2015,"2,882",882,24,,,"7,516","18,843",Warren,Harmony township
2020,"2,582",760,97,8,,"9,926","23,396",Warren,Harmony township
2015,"4,596",,0,"13,196","1,001",554,"19,901",Bergen,Harrington Park borough
2020,"3,972",803,7,"11,413",667,191,"17,250",Bergen,Harrington Park borough
2015,"7,098","14,714","1,331","17,717","17,048","2,805","64,849",Hudson,Harrison town
2020,"8,899","13,783",884,"16,203","10,612","3,608","58,479",Hudson,Harrison town
2015,"17,919","8,673",748,"24,863","3,697","8,597","73,842",Gloucester,Harrison township
2020,"14,632","9,209",463,"21,832","19,628","3,574","73,374",Gloucester,Harrison township
2015,"2,094",560,19,"2,517",551,79,"5,920",Ocean,Harvey Cedars borough
2020,"2,193",400,17,"26,911","19,877",57,"49,529",Ocean,Harvey Cedars borough
2015,"9,404","8,686",815,"21,201","8,557","2,963","55,405",Bergen,Hasbrouck Heights borough
2020,"7,973","6,153",495,"18,542","7,410","1,672","44,410",Bergen,Hasbrouck Heights borough
2015,"3,538","13,889",114,"10,511","11,981",192,"40,532",Bergen,Haworth borough
2020,"3,180","11,688",109,"9,394","12,239",53,"36,825",Bergen,Haworth borough
2015,"14,539","10,854","3,725","36,777","11,361","5,440","91,860",Passaic,Hawthorne borough
2020,"12,759","7,419","3,206","33,780","9,338","3,015","75,738",Passaic,Hawthorne borough
2015,"16,460","14,055","1,605","29,461","11,442","3,189","81,006",Monmouth,Hazlet township
2020,"13,339","9,681","1,441","8,485","3,299","1,804","41,295",Monmouth,Hazlet township
2015,"1,757",364,27,"3,738",381,42,"6,379",Middlesex,Helmetta borough
2020,"1,792",369,24,"3,332",298,74,"5,988",Middlesex,Helmetta borough
2015,"3,983","2,230","1,314","1,690",714,"7,446","26,138",Hunterdon,High Bridge borough
2020,"3,523","1,724","1,127","3,620","1,273","43,965","100,324",Hunterdon,High Bridge borough
2015,"9,210","5,836",287,"17,788","12,550","4,034","54,026",Middlesex,Highland Park borough
2020,"8,597","4,570",246,"16,229","11,301","2,675","46,539",Middlesex,Highland Park borough
2015,"4,770","2,944",67,"6,990","2,306",227,"17,596",Monmouth,Highlands borough
2020,"4,292","2,713",57,"4,370",519,271,"12,548",Monmouth,Highlands borough
2015,"4,014","6,233",612,"9,611","7,909","1,773","32,537",Mercer,Hightstown borough
2020,"3,468","5,036",535,"8,530","6,276",985,"26,350",Mercer,Hightstown borough
2015,"38,332","28,984","4,094","60,342","16,772","14,050","180,718",Somerset,Hillsborough township
2020,"33,250","23,511","5,363","57,274","14,382","15,158","169,459",Somerset,Hillsborough township
2015,"9,307","5,717",127,"23,730","4,757",983,"45,730",Bergen,Hillsdale borough
2020,"8,152","3,858",104,"21,381","4,459",725,"39,508",Bergen,Hillsdale borough
2015,"12,996","12,182","7,849","32,013","14,047","5,887","98,711",Union,Hillside township
2020,"11,783","11,097","8,680","56,671","27,084","65,099","254,194",Union,Hillside township
2015,547,189,7,504,"9,073",379,"11,084",Camden,Hi-Nella borough
2020,546,127,6,435,"7,809",175,"9,278",Camden,Hi-Nella borough
2015,"39,824","61,556","2,506","31,477","61,598","6,940","213,347",Hudson,Hoboken city
2020,"33,322","48,916","2,158","25,982","52,435","7,299","179,570",Hudson,Hoboken city
2015,"5,059","1,744",197,"13,594","2,079",372,"23,615",Bergen,Ho-Ho-Kus borough
2020,"4,430","1,354",124,"12,343","1,582",107,"20,169",Bergen,Ho-Ho-Kus borough
2015,"6,237","1,068","1,049",936,463,"11,698","34,197",Hunterdon,Holland township
2020,"5,416",873,928,"1,644",874,"13,516","37,694",Hunterdon,Holland township
2015,"20,632","18,941","6,148","39,909","10,586","1,096","104,555",Monmouth,Holmdel township
2020,"18,028","17,493","4,722","38,558","9,755","1,440","96,158",Monmouth,Holmdel township
2015,"15,584","2,540",132,,,"28,205","74,798",Sussex,Hopatcong borough
2020,"14,355","1,994",110,,,"24,845","66,259",Sussex,Hopatcong borough
2015,"2,294",832,5,,,"8,138","19,411",Warren,Hope township
2020,"1,945",587,4,,,"9,314","21,168",Warren,Hope township
2015,"1,724","3,920",68,"2,862","1,704","1,297","12,940",Mercer,Hopewell borough
2020,"1,493","2,956",45,"5,198","1,183","3,499","17,918",Mercer,Hopewell borough
2015,163,233,10,"1,471","1,393","6,637","16,556",Cumberland,Hopewell township
2020,112,223,9,"1,594","1,223","6,494","16,158",Cumberland,Hopewell township
2015,"20,440","22,144","21,757","18,582","6,047","19,466","149,659",Mercer,Hopewell township
2020,"17,580","16,163","15,571","34,881","8,220","26,232","160,449",Mercer,Hopewell township
2015,"50,058","31,635","1,988","74,450","22,269","17,834","218,054",Monmouth,Howell township
2020,"42,105","24,563","1,480","73,011","31,951","14,155","202,901",Monmouth,Howell township
2015,"5,882","1,484",114,"4,054",644,"8,974","30,240",Warren,Independence township
2020,"4,762","1,100",130,"6,592","1,063","7,870","29,518",Warren,Independence township
2015,"1,133",11,48,"3,077",22,207,"4,752",Monmouth,Interlaken borough
2020,"1,040",8,29,"2,774",18,42,"3,983",Monmouth,Interlaken borough
2015,"24,696","23,742","3,325","72,449","50,718","18,346","214,948",Essex,Irvington township
2020,"23,327","19,109","3,004","69,209","44,475","9,465","181,056",Essex,Irvington township
2015,"19,286","27,050","14,091","3,868",562,379,"79,705",Ocean,Island Heights borough
2020,"1,694",425,12,"3,433",485,127,"6,315",Ocean,Island Heights borough
2015,"9,091","3,216",131,"87,293","17,755","23,339","164,297",Ocean,Jackson township
2020,"47,615","18,673","1,594","82,214","20,434","19,993","212,110",Ocean,Jackson township
2015,"5,555","2,933",101,"8,372","3,618",719,"22,118",Middlesex,Jamesburg borough
2020,"4,653","2,451",86,"7,555","2,970",620,"19,040",Middlesex,Jamesburg borough
2015,"21,103","8,396","1,292","7,104","2,224","42,515","126,440",Morris,Jefferson township
2020,"19,045","6,251","1,136","7,668","2,702","41,403","120,744",Morris,Jefferson township
2015,"138,080","379,669","41,431","256,370","259,772","253,196","1,623,146",Hudson,Jersey City city 
2020,"137,670","288,968","32,902","229,644","237,984","45,172","1,050,415",Hudson,Jersey City city 
2015,"6,393","3,808",425,"12,152","3,623",491,"27,806",Monmouth,Keansburg borough
2020,"5,990","3,075",401,"47,853","6,546",794,"65,853",Monmouth,Keansburg borough
2015,"19,937","63,191","4,964","56,468","43,073","21,844","236,285",Hudson,Kearny town
2020,"18,189","67,311","3,872","51,771","43,039","22,389","232,831",Hudson,Kearny town
2015,"6,176","8,542","6,138","11,504","10,543","1,282","51,605",Union,Kenilworth borough
2020,"5,222","7,002","3,957","18,099","15,250","141,893","337,273",Union,Kenilworth borough
2015,"5,861","5,788",327,"10,093","6,146","1,535","31,613",Monmouth,Keyport borough
2020,"4,908","4,497",168,"9,084","4,457","1,388","26,057",Monmouth,Keyport borough
2015,"4,717","1,406","1,145",222,"1,031","10,349","30,364",Hunterdon,Kingwood township
2020,"4,233","1,008",902,439,"1,366","11,193","31,236",Hunterdon,Kingwood township
2015,292,15,0,"17,859","2,737","9,822","40,546",Morris,Kinnelon borough
2020,234,17,0,"30,978","12,446","5,998","55,673",Morris,Kinnelon borough
2015,"3,706","1,929",78,,,"9,378","24,548",Warren,Knowlton township
2020,"3,077","1,656",18,,,"12,751","30,271",Warren,Knowlton township
2015,"46,190","25,124","1,330","50,072","7,997","12,004","156,053",Ocean,Lacey township
2020,"25,631","16,927",531,"7,089","1,906","2,627","57,870",Ocean,Lacey township
2015,"1,840","1,920",56,88,"1,872","6,287","18,406",Sussex,Lafayette township
2020,"1,563","1,572",25,223,"3,638","5,141","17,329",Sussex,Lafayette township
2015,"1,457",784,21,"3,314",652,273,"6,795",Monmouth,Lake Como borough
2020,"1,293",558,22,"2,958",553,121,"5,649",Monmouth,Lake Como borough
2015,"1,782","2,680",95,"6,351","10,977","1,804","25,586",Ocean,Lakehurst borough
2020,"1,844","2,655",95,"6,744","12,046","1,601","26,680",Ocean,Lakehurst borough
2015,"73,071","64,436","6,109","90,138","230,528","7,301","484,993",Ocean,Lakewood township
2020,"75,702","63,250","6,400","102,678","180,975","5,180","445,765",Ocean,Lakewood township
2015,"4,452","2,921","2,420","5,340","2,298","2,196","24,242",Hunterdon,Lambertville city
2020,"3,916","1,934","1,582","9,644","3,553","2,540","27,291",Hunterdon,Lambertville city
2015,"2,730","1,855",550,"3,489","1,829","1,158","13,319",Camden,Laurel Springs borough
2020,"2,538","1,670",535,"3,038","1,535",543,"10,936",Camden,Laurel Springs borough
2015,"1,335",80,17,"11,876","1,228",55,"14,663",Ocean,Lavallette borough
2020,"1,396",69,15,"4,527",375,69,"6,533",Ocean,Lavallette borough
2015,"2,610","4,499",97,"4,214","5,541",977,"19,011",Camden,Lawnside borough
2020,"2,252","3,619",83,"3,774","6,932",842,"18,427",Camden,Lawnside borough
2015,"2,583","1,084",111,"1,017",362,"7,317","19,902",Cumberland,Lawrence township
2020,"2,114","1,331",39,"1,177",554,"8,044","21,343",Cumberland,Lawrence township
2015,"26,881","47,576","10,069","51,388","69,100","16,639","248,362",Mercer,Lawrence township
2020,"22,998","36,131","11,602","47,407","48,834","22,914","224,402",Mercer,Lawrence township
2015,"1,478","1,934",307,"1,757","2,459","1,418","11,077",Hunterdon,Lebanon borough
2020,"1,280","1,475",275,"3,183","4,129","1,079","12,775",Hunterdon,Lebanon borough
2015,"7,449","3,072",78,284,489,"21,433","54,317",Hunterdon,Lebanon township
2020,"6,750","2,627",203,514,866,"16,957","45,077",Hunterdon,Lebanon township
2015,"6,209","6,575",159,"16,905","6,439","1,749","39,943",Bergen,Leonia borough
2020,"5,445","4,328",142,"14,937","5,184","1,235","32,649",Bergen,Leonia borough
2015,"3,075",517,38,,,"7,389","18,445",Warren,Liberty township
2020,"2,783",312,40,,,"9,580","22,333",Warren,Liberty township
2015,"8,562","7,069","1,997","16,542","7,864","2,593","49,218",Morris,Lincoln Park borough
2020,"7,293","5,664","1,816","15,208","6,396","3,129","44,452",Morris,Lincoln Park borough
2015,"25,447","53,568","34,614","48,727","50,139","3,782,473","7,812,055",Union,Linden city
2020,"22,114","37,963","46,657","86,958","82,558","1,431,394","3,185,693",Union,Linden city
2015,"14,872","10,520",158,"13,938","138,083","1,694","181,115",Camden,Lindenwold borough
2020,"13,777","7,952",143,"13,084","91,721","3,080","132,981",Camden,Lindenwold borough
2015,"8,641","5,076",81,"14,674","4,687",873,"34,988",Atlantic,Linwood city
2020,"7,951","4,008",84,"13,222","5,109",716,"31,890",Atlantic,Linwood city
2015,"14,840","4,886",238,"28,202","2,499","5,223","61,347",Ocean,Little Egg Harbor township
2020,"14,022","4,780",240,"15,709","20,780","5,933","67,637",Ocean,Little Egg Harbor township
2015,"9,636","14,423",508,"20,878","45,260","1,530","94,273",Passaic,Little Falls township
2020,"8,440","10,843",576,"18,324","44,689","2,352","88,152",Passaic,Little Falls township
2015,"7,773","7,267","9,410","13,271","9,126","7,197","70,651",Bergen,Little Ferry borough
2020,"6,492","6,253","8,516","11,674","9,773","4,402","60,026",Bergen,Little Ferry borough
2015,"8,045","4,554",64,"14,394","2,893","1,612","33,240",Monmouth,Little Silver borough
2020,"6,707","3,282",55,"13,768","2,593",571,"27,602",Monmouth,Little Silver borough
2015,"30,243","48,843","3,436","77,774","25,613","2,567","194,479",Essex,Livingston township
2020,"26,505","36,304","2,706","68,888","24,876","2,072","166,130",Essex,Livingston township
2015,386,43,6,"1,018",119,20,"1,618",Monmouth,Loch Arbour village
2020,462,51,5,"1,068",78,8,"1,686",Monmouth,Loch Arbour village
2015,"15,724","14,124","1,707","29,842","19,082","7,568","97,321",Bergen,Lodi borough
2020,"13,509","9,034","2,978","26,929","17,362","7,833","88,456",Bergen,Lodi borough
2015,931,"174,360","11,226","5,364","42,188","35,198","315,692",Gloucester,Logan township
2020,739,"20,167","8,413","4,742","43,597","23,435","132,942",Gloucester,Logan township
2015,"11,677","2,237",266,"11,927","1,049",86,"27,594",Ocean,Long Beach township
2020,"11,992","1,841",235,"41,350","6,668",233,"62,788",Ocean,Long Beach township
2015,"24,140","25,973",772,"45,171","26,506","4,518","132,370",Monmouth,Long Branch city
2020,"22,326","21,706",615,"4,848","1,627","1,793","55,323",Monmouth,Long Branch city
2015,"8,982","5,735",657,"17,976","5,151","2,559","44,277",Morris,Long Hill township
2020,"7,721","4,414",572,"16,466","4,028","3,330","40,433",Morris,Long Hill township
2015,"3,274","1,532",53,"6,673",654,47,"12,335",Atlantic,Longport borough
2020,"3,196","1,146",50,"5,608",501,42,"10,634",Atlantic,Longport borough
2015,"6,945","4,407","1,358","9,508","3,482","3,845","34,749",Warren,Lopatcong township
2020,"6,760","4,182","1,091","17,521","8,977","3,962","47,546",Warren,Lopatcong township
2015,652,132,26,,,"5,660","12,156",Salem,Lower Alloways Creek township
2020,442,102,23,,,"6,209","13,009",Salem,Lower Alloways Creek township
2015,"27,373","11,643","2,328","27,387","18,486","13,161","115,866",Cape May,Lower township
2020,"20,828","8,752","2,368","25,436","15,536","11,555","98,398",Cape May,Lower township
2015,"12,025","13,519",931,"17,665","9,928","2,005","59,011",Burlington,Lumberton township
2020,"10,076","9,169","1,115","15,369","8,255","1,755","48,609",Burlington,Lumberton township
2015,"15,546","36,718","4,894","34,283","19,045","11,119","137,618",Bergen,Lyndhurst township
2020,"13,979","27,227","4,362","30,711","16,493","10,977","119,089",Bergen,Lyndhurst township
2015,,4,0,"33,796","18,293","2,958","58,009",Morris,Madison borough
2020,2,1,0,"30,173","14,981","1,443","48,043",Morris,Madison borough
2015,"3,507","1,891",295,"7,770","12,297",677,"27,408",Camden,Magnolia borough
2020,"2,983","1,772",332,"6,706","11,242","1,054","25,475",Camden,Magnolia borough
2015,"23,970","57,726",0,"58,454","32,912","3,184","179,429",Bergen,Mahwah township
2020,"20,350","44,370",349,"54,467","27,772","6,214","160,085",Bergen,Mahwah township
2015,"43,557","22,498","2,672","74,445","13,359","8,014","175,231",Monmouth,Manalapan township
2020,"35,975","16,815","2,230","71,973","11,752","3,800","148,577",Monmouth,Manalapan township
2015,"7,187","4,957",180,"14,645","3,567",430,"31,577",Monmouth,Manasquan borough
2020,"6,751","3,774",148,"13,175","2,801","1,060","28,917",Monmouth,Manasquan borough
2015,"66,487","21,893","4,481","35,138","6,424","16,836","172,576",Ocean,Manchester township
2020,"56,251","16,089","3,770","89,421","16,025","9,230","203,786",Ocean,Manchester township
2015,"1,331","1,614",70,302,"2,726","32,329","70,771",Salem,Mannington township
2020,975,"1,283",12,245,"2,320","18,115","41,077",Salem,Mannington township
2015,"9,371","4,721",536,"22,063","9,550","6,747","60,271",Burlington,Mansfield township
2020,"7,638","3,819",398,"14,393","2,994","6,486","42,612",Burlington,Mansfield township
2015,"6,540","8,332","4,602","5,361","3,863","13,169","59,638",Warren,Mansfield township
2020,"5,668","5,535","4,950","8,824","8,860","14,375","67,537",Warren,Mansfield township
2015,"1,301",97,142,"7,189",179,11,"9,071",Ocean,Mantoloking borough
2020,"1,820",94,124,"11,696",313,8,"14,187",Ocean,Mantoloking borough
2015,"31,938","15,694",922,"23,946","5,730","7,024","93,201",Gloucester,Mantua township
2020,"25,878","11,756",627,"20,729","4,465","2,654","69,391",Gloucester,Mantua township
2015,"7,364","4,644",231,"16,395","5,227","2,285","38,662",Somerset,Manville borough
2020,"6,344","3,332",181,"15,189","4,014",631,"30,502",Somerset,Manville borough
2015,"15,427","16,752",646,"22,148","19,338","3,278","81,513",Burlington,Maple Shade township
2020,"13,315","12,488","1,287","19,181","16,518","7,872","79,820",Burlington,Maple Shade township
2015,"17,328","12,871",624,"49,620","19,921","7,800","116,587",Essex,Maplewood township
2020,"15,739","9,880",619,"45,207","19,742","5,022","101,849",Essex,Maplewood township
2015,"12,287","4,659",132,"25,845","6,009",981,"51,027",Atlantic,Margate City city
2020,"10,815","3,700",121,"20,171","4,441",302,"39,974",Atlantic,Margate City city
2015,"45,409","20,922","1,953","87,981","14,947","6,816","186,795",Monmouth,Marlboro township
2020,"37,867","15,832","1,494","87,470","13,967","3,677","165,477",Monmouth,Marlboro township
2015,"9,438","6,060","1,074","17,915","9,486","1,716","48,479",Monmouth,Matawan borough
2020,"8,117","4,519",838,"11,998","7,518","1,131","36,091",Monmouth,Matawan borough
2015,"2,700","7,595",880,"1,920","2,737","10,124","36,960",Cumberland,Maurice River township
2020,"2,035","5,636",853,"1,598","3,216","3,079","20,349",Cumberland,Maurice River township
2015,"7,077","7,032","1,806","16,219","7,059","14,879","70,758",Bergen,Maywood borough
2020,"6,001","4,760","1,080","14,340","6,161","10,543","54,508",Bergen,Maywood borough
2015,"4,369",715,36,"35,361","8,312","4,681","58,193",Burlington,Medford Lakes borough
2020,"3,821",588,33,"32,284","7,837","2,049","48,694",Burlington,Medford Lakes borough
2015,"27,859","16,603",604,"14,858","5,440","8,152","82,271",Burlington,Medford township
2020,"23,403","12,006",782,"36,191","5,120","6,118","90,521",Burlington,Medford township
2015,"6,506","3,516",248,"15,425","2,830","1,260","31,293",Morris,Mendham borough
2020,"5,534","2,897",193,"14,425","2,677",678,"27,275",Morris,Mendham borough
2015,"10,114","1,189",255,"20,919","1,954","1,898","38,481",Morris,Mendham township
2020,"8,604","1,044",217,"19,934","1,415","1,205","33,840",Morris,Mendham township
2015,"3,222","1,245",619,"6,718","2,537",670,"16,302",Camden,Merchantville borough
2020,"2,841",794,498,"5,748","2,098",620,"13,718",Camden,Merchantville borough
2015,"11,096","11,390",998,"23,811","7,748","3,303","62,645",Middlesex,Metuchen borough
2020,"10,141","9,561",750,"42,330","14,030","15,997","109,556",Middlesex,Metuchen borough
2015,"22,961","30,054",404,"22,861","13,395","13,772","117,625",Cape May,Middle township
2020,"18,439","22,911",385,"41,735","12,386","10,608","117,459",Cape May,Middle township
2015,"10,220","12,592","3,153","21,494","17,037","3,721","75,092",Middlesex,Middlesex borough
2020,"8,805","9,282","1,932","18,884","14,015","3,913","62,676",Middlesex,Middlesex borough
2015,"70,315","79,611","5,159","120,347","24,444","8,419","321,872",Monmouth,Middletown township
2020,"59,498","61,583","4,078","3,787","1,461","8,239","150,963",Monmouth,Middletown township
2015,"5,733","5,180",521,"15,213","5,554","1,716","36,154",Bergen,Midland Park borough
2020,"4,983","3,745",294,"13,856","4,855","1,111","30,250",Bergen,Midland Park borough
2015,"1,562",660,118,27,12,"2,152","6,801",Hunterdon,Milford borough
2020,"1,394",536,109,70,48,"9,372","21,010",Hunterdon,Milford borough
2015,"24,483","32,184","4,991","63,557","17,836","1,842","151,726",Essex,Millburn township
2020,"21,902","21,203","4,392","56,310","14,023","2,264","126,750",Essex,Millburn township
2015,414,65,21,871,133,94,"1,712",Somerset,Millstone borough
2020,378,60,20,811,96,74,"1,532",Somerset,Millstone borough
2015,"14,343","4,966",174,"24,734","8,272","5,997","64,658",Monmouth,Millstone township
2020,"12,266","3,590",135,"24,516","7,899","3,268","55,078",Monmouth,Millstone township
2015,24,,0,"13,643","3,439",673,"18,452",Middlesex,Milltown borough
2020,23,,0,"11,974","3,134",355,"15,840",Middlesex,Milltown borough
2015,"30,552","25,780","36,480","32,372","32,507","212,096","618,362",Cumberland,Millville city
2020,"24,220","20,302","30,601","75,123","23,767","164,887","534,388",Cumberland,Millville city
2015,"3,489","1,083",186,"3,668","1,632","2,664","15,571",Morris,Mine Hill township
2020,"3,021",962,98,"3,839","1,011","2,497","14,025",Morris,Mine Hill township
2015,"5,072","1,583","1,757","8,006","2,108",211,"20,706",Monmouth,Monmouth Beach borough
2020,"4,716","1,202","1,452","7,491","1,875","1,724","21,635",Monmouth,Monmouth Beach borough
2015,"35,490","21,840","1,126","50,347","50,551","22,733","205,945",Gloucester,Monroe township
2020,"27,857","14,934",869,"44,520","40,982","18,177","166,385",Gloucester,Monroe township
2015,"59,140","43,419","13,771","83,239","23,895","6,185","249,605",Middlesex,Monroe township
2020,"51,408","33,725","10,238","128,779","30,860","5,641","276,530",Middlesex,Monroe township
2015,"4,659",571,39,,,"8,874","23,055",Sussex,Montague township
2020,"4,315","1,058",40,,,"7,592","20,637",Sussex,Montague township
2015,"31,243","23,109","1,873","88,186","37,082","13,220","209,805",Essex,Montclair township
2020,"28,170","17,042","1,618","78,264","32,369","8,605","176,288",Essex,Montclair township
2015,"21,928","15,337","5,328","45,835","14,564","5,054","118,426",Somerset,Montgomery township
2020,"19,516","11,486","3,370","42,245","12,058","4,662","101,368",Somerset,Montgomery township
2015,"8,313","26,102",5,"20,251","17,136","2,518","76,849",Bergen,Montvale borough
2020,"7,390","17,491",35,"19,043","14,219",801,"59,815",Bergen,Montvale borough
2015,"24,497","20,018","5,353","42,417","14,785","11,245","134,913",Morris,Montville township
2020,"20,975","17,895","4,098","41,260","12,968","8,506","118,305",Morris,Montville township
2015,"2,229","13,418","4,636","4,452","19,933","7,826","64,956",Bergen,Moonachie borough
2020,"1,888","8,901","5,451","3,852","15,768","7,554","56,418",Bergen,Moonachie borough
2015,"24,714","38,279","22,978","44,377","28,317","5,497","192,637",Burlington,Moorestown township
2020,"21,304","29,285","20,817","39,502","23,835","3,500","162,560",Burlington,Moorestown township
2015,"5,119","14,409","6,321","12,928","9,497","1,167","56,930",Morris,Morris Plains borough
2020,"4,632","12,153","1,892","11,825","7,919",475,"41,263",Morris,Morris Plains borough
2015,"22,565","22,280","13,563","52,740","19,027","14,845","173,427",Morris,Morris township
2020,"19,573","16,599","1,707","49,120","13,981","5,379","113,444",Morris,Morris township
2015,"15,307","60,588",762,"27,540","47,654","3,235","159,083",Morris,Morristown Town
2020,"13,630","42,387",691,"25,124","42,461","2,356","129,696",Morris,Morristown Town
2015,"4,853","3,416",174,"4,807","2,179","5,073","25,749",Morris,Mount Arlington borough
2020,"4,665","2,793",95,"5,360","5,390","3,323","25,045",Morris,Mount Arlington borough
2015,"3,946","2,127",74,"6,453","1,843","1,637","17,790",Camden,Mount Ephraim borough
2020,"3,397","1,564",244,"5,785","1,697",862,"14,654",Camden,Mount Ephraim borough
2015,"7,808","13,214","1,561","14,331","10,272","2,544","53,835",Burlington,Mount Holly township
2020,"6,919","11,213","1,477","12,829","9,449","4,681","52,726",Burlington,Mount Holly township
2015,"44,233","87,814","3,582","63,749","36,494","5,368","250,191",Burlington,Mount Laurel township
2020,"38,723","63,770","3,458","56,117","27,861","8,608","210,603",Burlington,Mount Laurel township
2015,"23,075","29,758","8,431","27,752","33,665","19,452","170,017",Morris,Mount Olive township
2020,"20,910","24,949","6,855","36,294","34,579","19,428","169,299",Morris,Mount Olive township
2015,"5,076","3,566","1,057","12,432","3,019","1,358","28,924",Morris,Mountain Lakes borough
2020,"4,398","2,489",824,"11,785","2,379",649,"23,996",Morris,Mountain Lakes borough
2015,"7,469","7,904","1,084","13,641","5,604","1,829","40,446",Union,Mountainside borough
2020,"6,603","6,489",803,"21,930","8,769",733,"46,864",Union,Mountainside borough
2015,"6,049","1,382",120,"3,070",519,"17,638","46,535",Atlantic,Mullica township
2020,"4,558","1,314",31,"3,082",616,"16,707","43,046",Atlantic,Mullica township
2015,"2,716",576,51,"3,270",500,"1,227","9,618",Gloucester,National Park borough
2020,"2,348",448,44,"2,982",397,640,"7,544",Gloucester,National Park borough
2015,"3,950","8,423",32,"6,177","4,857",754,"24,980",Monmouth,Neptune City borough
2020,"3,369","8,343",26,"5,632","4,512",511,"22,929",Monmouth,Neptune City borough
2015,"24,236","33,547","4,096","45,490","27,018","4,108","146,700",Monmouth,Neptune township
2020,"20,823","25,619","3,449","41,007","19,216","3,163","119,888",Monmouth,Neptune township
2015,"2,633","2,127",122,"1,291","4,759","3,690","18,434",Morris,Netcong borough
2020,"2,320","1,681",99,"2,025","2,888","4,134","17,382",Morris,Netcong borough
2015,"22,529","110,883","31,049","45,539","172,747","9,920","433,636",Middlesex,New Brunswick city
2020,"19,957","90,132","21,492","39,914","161,277","9,026","372,317",Middlesex,New Brunswick city
2015,"3,855","41,524",40,"3,891","43,138","1,354","95,196",Burlington,New Hanover township
2020,"3,013","30,461",23,"3,324","36,837","1,551","76,784",Burlington,New Hanover township
2015,"12,129","3,859",145,"26,942","13,392","2,983","62,579",Bergen,New Milford borough
2020,"10,596","3,259",131,"23,449","12,761","2,103","54,531",Bergen,New Milford borough
2015,"11,653","8,409","3,871","26,495","9,257","1,498","66,550",Union,New Providence borough
2020,"9,820","7,300",955,"23,646","9,208","1,126","54,135",Union,New Providence borough
2015,"120,168","489,183","63,947","322,453","767,438","172,247","2,171,631",Essex,Newark city
2020,"114,156","417,899","57,386","302,925","465,241","133,109","1,681,212",Essex,Newark city
2015,"4,390","2,785",72,"3,920",967,"1,189","14,586",Gloucester,Newfield borough
2020,"3,529","2,003",47,"3,535",644,939,"11,683",Gloucester,Newfield borough
2015,"6,430","16,614",737,"6,212","9,720","6,680","53,811",Sussex,Newton town
2020,"5,632","12,412",480,"10,647","15,208","8,602","62,063",Sussex,Newton town
2015,"10,198","6,878",418,"23,935","12,994","3,780","62,401",Bergen,North Arlington borough
2020,"8,900","5,131",310,"21,741","11,422","3,049","53,912",Bergen,North Arlington borough
2015,"29,468","68,776","6,141","58,502","74,896","12,983","269,891",Hudson,North Bergen township
2020,"26,634","58,199","3,485","53,013","61,028","11,209","228,259",Hudson,North Bergen township
2015,"27,514","36,538","4,007","60,021","36,469","5,297","179,150",Middlesex,North Brunswick township
2020,"24,131","28,853","3,445","53,779","33,477","4,093","155,317",Middlesex,North Brunswick township
2015,"8,575","2,233",134,"22,052","1,927",490,"36,035",Essex,North Caldwell borough
2020,"7,539","1,602",119,"20,229","1,870",789,"33,055",Essex,North Caldwell borough
2015,"7,937","2,957",170,"20,522","4,245",760,"37,522",Passaic,North Haledon borough
2020,"6,952","2,356",122,"18,992","3,687",802,"33,834",Passaic,North Haledon borough
2015,"4,827","1,847",22,377,156,"6,892","21,036",Burlington,North Hanover township
2020,"3,933","1,581",18,420,375,"4,753","15,850",Burlington,North Hanover township
2015,"12,615","7,837",475,"26,741","14,668","4,104","71,019",Somerset,North Plainfield borough
2020,"11,025","6,571",396,"25,044","14,262","3,033","63,759",Somerset,North Plainfield borough
2015,"9,578","6,627",190,"12,087","4,200",249,"33,371",Cape May,North Wildwood city
2020,"8,398","4,737",74,"10,074","3,328",0,"26,685",Cape May,North Wildwood city
2015,"7,946","8,789",108,"15,243","5,746","3,664","45,268",Atlantic,Northfield city
2020,"6,192","6,307",97,"13,025","4,411",818,"31,763",Atlantic,Northfield city
2015,"3,628","10,010",0,"10,524","7,427","1,859","35,306",Bergen,Northvale borough
2020,"3,272","6,876",747,"9,292","6,100","2,941","32,918",Bergen,Northvale borough
2015,"5,483","4,575",0,"15,572","4,190",850,"31,520",Bergen,Norwood borough
2020,"4,723","3,136",41,"14,018","3,378",599,"26,536",Bergen,Norwood borough
2015,"22,394","19,442","1,935","51,526","18,986","33,969","184,155",Essex,Nutley township
2020,"19,358","11,343","1,228","45,761","17,164","35,574","167,228",Essex,Nutley township
2015,"11,877","12,718",0,"29,428","10,960","5,052","75,088",Bergen,Oakland borough
2020,"10,215","8,824",69,"26,889","11,519","2,518","62,620",Bergen,Oakland borough
2015,"3,363","1,027",61,"6,068","1,597","1,174","14,524",Camden,Oaklyn borough
2020,"2,946",867,53,"5,332","1,443","1,472","13,640",Camden,Oaklyn borough
2015,"32,137","14,681",324,"43,195","10,953","1,602","104,818",Cape May,Ocean City city
2020,"27,755","11,144",274,"35,336","9,200",718,"85,417",Cape May,Ocean City city
2015,"2,062",423,40,"3,932",401,100,"7,099",Ocean,Ocean Gate borough
2020,"2,008",291,41,"3,650",350,53,"6,485",Ocean,Ocean Gate borough
2015,"28,687","22,878",488,"52,441","26,482","2,347","136,159",Monmouth,Ocean township
2020,"24,822","16,827",414,"47,363","21,329","2,428","116,027",Monmouth,Ocean township
2015,"9,271","5,176",157,"17,293","2,175","2,333","38,895",Ocean,Ocean township
2020,"8,235","3,746",138,"20,608","1,528","2,982","40,358",Ocean,Ocean township
2015,"5,887","2,256","1,667","12,335","2,648",796,"28,051",Monmouth,Oceanport borough
2020,"5,335","2,053","1,753","11,849","2,754",733,"26,962",Monmouth,Oceanport borough
2015,"2,367",479,487,17,294,"6,055","16,241",Sussex,Ogdensburg borough
2020,"1,908",391,684,"1,074",196,"4,724","14,385",Sussex,Ogdensburg borough
2015,"51,035","37,275","3,530","87,621","45,709","22,790","274,279",Middlesex,Old Bridge township
2020,"43,341","27,395","2,952","81,851","43,901","20,132","242,655",Middlesex,Old Bridge township
2015,"7,432",8,17,"19,205","3,010",911,"31,511",Bergen,Old Tappan borough
2020,"6,378","1,564",22,"17,554","2,163",388,"28,480",Bergen,Old Tappan borough
2015,"2,277","2,756","15,245","1,411","1,088","197,890","433,803",Salem,Oldmans township
2020,"1,597","5,679","17,352","1,218","3,960","104,860","256,878",Salem,Oldmans township
2015,"7,887","5,292",271,"20,061","4,759","1,072","40,685",Bergen,Oradell borough
2020,"6,598","3,664",227,"17,551","4,102",570,"33,511",Bergen,Oradell borough
2015,"2,397","1,419",239,"1,396",259,"4,177","14,303",Warren,Oxford township
2020,"2,118","1,112",215,"2,288",440,"9,588","25,565",Warren,Oxford township
2015,"11,367","9,363","1,115","23,780","16,436","4,703","72,582",Bergen,Palisades Park borough
2020,"10,558","7,196",991,"22,773","13,969","3,842","64,163",Bergen,Palisades Park borough
2015,"6,471","3,307",821,"10,638","3,403","3,706","32,873",Burlington,Palmyra borough
2020,"5,781","2,316",539,"9,693","2,857","1,579","24,884",Burlington,Palmyra borough
2015,"22,618","98,303","2,825","57,394","46,389","3,840","238,036",Bergen,Paramus borough
2020,"19,717","68,585","1,388","52,512","39,472","1,297","185,655",Bergen,Paramus borough
2015,2,,0,"20,728","4,756","2,013","29,512",Bergen,Park Ridge borough
2020,1,,0,"18,765","3,967","1,411","25,555",Bergen,Park Ridge borough
2015,"39,847","128,895","15,849","67,588","70,025","17,724","373,500",Morris,Parsippany-Troy Hills township
2020,"33,885","95,135","13,029","65,427","50,526","12,316","295,664",Morris,Parsippany-Troy Hills township
2015,"29,922","33,497","9,094","69,420","52,925","11,457","226,866",Passaic,Passaic city
2020,"26,956","28,705","5,108","63,439","46,209","8,536","192,599",Passaic,Passaic city
2015,"69,005","95,276","17,468","196,618","144,316","27,166","594,483",Passaic,Paterson city
2020,"64,104","78,621","13,535","182,398","123,422","22,427","520,470",Passaic,Paterson city
2015,"5,702","5,179","27,891","5,394","13,069","498,286","1,081,697",Gloucester,Paulsboro borough
2020,"4,601","5,222","5,973","4,823","9,744","262,092","560,519",Gloucester,Paulsboro borough
2015,"3,440","5,460",378,"4,477","3,048","1,769","20,719",Somerset,Peapack and Gladstone borough
2020,"2,965","1,863",284,"4,641","3,590","2,480","18,589",Somerset,Peapack and Gladstone borough
2015,35,332,0,"2,243",673,525,"4,333",Burlington,Pemberton borough
2020,25,"1,905",0,"2,002",652,807,"6,197",Burlington,Pemberton borough
2015,"27,052","14,186",526,"24,119","10,812","20,490","118,201",Burlington,Pemberton township
2020,"22,022","10,369",460,"21,261","8,533","17,983","99,073",Burlington,Pemberton township
2015,"2,616","3,200",89,"4,566","2,726","1,009","15,304",Mercer,Pennington borough
2020,"2,374","2,450",68,"8,451","4,446","30,642","79,141",Mercer,Pennington borough
2015,"6,629","4,155",617,"6,276","9,590","3,297","34,480",Salem,Penns Grove borough
2020,"5,188","3,109",325,"5,554","7,964","1,246","24,957",Salem,Penns Grove borough
2015,"25,775","50,110","25,441","51,024","46,767","44,784","314,125",Camden,Pennsauken township
2020,"22,659","48,665","13,436","45,940","42,253","24,910","236,210",Camden,Pennsauken township
2015,"15,052","8,344","4,467","12,929","14,141","83,263","225,928",Salem,Pennsville township
2020,"11,325","5,631","3,396","11,152","10,311","22,241","89,693",Salem,Pennsville township
2015,"13,296","11,360","5,523","28,655","18,428","2,883","88,550",Morris,Pequannock township
2020,"11,096","9,057","4,560","26,742","17,405","2,149","77,718",Morris,Pequannock township
2015,"24,751","34,569","10,240","50,797","31,029","390,080","941,786",Middlesex,Perth Amboy city
2020,"22,614","29,003","6,767","92,588","51,764","158,527","526,556",Middlesex,Perth Amboy city
2015,"10,833","10,529","31,110","15,980","7,968","12,941","133,411",Warren,Phillipsburg town
2020,"9,970","8,003","9,312","28,465","12,987","65,194","208,436",Warren,Phillipsburg town
2015,820,325,12,821,"3,044","10,612","26,257",Salem,Pilesgrove township
2020,785,320,10,"2,163","3,262","5,974","18,499",Salem,Pilesgrove township
2015,"2,237",337,57,"4,397",413,317,"8,132",Ocean,Pine Beach borough
2020,"1,939",270,31,"42,633","28,481","1,029","75,441",Ocean,Pine Beach borough
2015,"9,936","3,410",96,"10,847","6,404","1,946","34,682",Camden,Pine Hill borough
2020,"8,107","2,428",69,"10,771","3,686","1,155","27,440",Camden,Pine Hill borough
2015,61,522,1,,,4,593,Camden,Pine Valley borough
2020,43,286,0,41,11,12,406,Camden,Pine Valley borough
2015,"33,381","173,418","22,031","68,815","145,590","21,455","508,177",Middlesex,Piscataway township
2020,"29,181","175,977","13,616","63,428","136,339","14,448","461,052",Middlesex,Piscataway township
2015,"8,432","3,079","1,765","13,664","8,821","5,636","48,798",Gloucester,Pitman borough
2020,"6,978","2,231","1,388","11,794","6,939","3,488","37,695",Gloucester,Pitman borough
2015,"3,614","1,554","1,352","7,519","3,409","21,576","61,951",Salem,Pittsgrove township
2020,"2,962","2,014","1,476","7,249","3,039","15,132","48,479",Salem,Pittsgrove township
2015,"26,657","21,404","3,987","65,297","35,176","10,919","178,346",Union,Plainfield city
2020,"24,399","16,495","3,704","60,551","31,900","7,626","156,005",Union,Plainfield city
2015,"22,737","76,065","2,975","22,282","49,087","2,547","181,214",Middlesex,Plainsboro township
2020,"19,104","55,513",894,"19,949","25,938","22,308","166,909",Middlesex,Plainsboro township
2015,"13,038","16,304",343,"34,669","13,231","12,773","103,473",Atlantic,Pleasantville city
2020,"10,322","11,182",321,"21,435","11,159","10,520","75,780",Atlantic,Pleasantville city
2015,"9,631","4,495",87,"7,040","1,663","9,690","42,383",Ocean,Plumsted township
2020,"8,012","2,958",52,"6,078","1,787","14,742","48,422",Ocean,Plumsted township
2015,"3,672","5,307",179,516,"1,685","9,127","29,792",Warren,Pohatcong township
2020,"3,131","3,577",253,"1,020","2,800","10,159","31,354",Warren,Pohatcong township
2015,"5,936","7,543",132,"12,212","7,166",627,"34,376",Ocean,Point Pleasant Beach borough
2020,"5,734","5,547",147,"10,988","5,367",274,"28,478",Ocean,Point Pleasant Beach borough
2015,"18,945","8,332",212,"36,429","5,849","5,398","80,775",Ocean,Point Pleasant borough
2020,"16,625","6,444",206,"32,683","4,936","2,940","66,979",Ocean,Point Pleasant borough
2015,"9,233","6,003","1,897","20,672","5,646","6,573","58,494",Passaic,Pompton Lakes borough
2020,"7,988","3,980","1,632","18,465","4,536","5,411","49,056",Passaic,Pompton Lakes borough
2015,"1,916",528,14,51,,"1,948","6,419",Atlantic,Port Republic city
2020,"1,378",443,14,52,,"2,709","7,320",Atlantic,Port Republic city
2015,"24,289","55,787",987,"52,834","113,788","6,308","261,287",Mercer,Princeton
2020,"21,869","27,724",516,"47,628","88,678","4,130","195,191",Mercer,Princeton
2015,"3,100",966,143,"9,596","1,203",860,"16,871",Passaic,Prospect Park borough
2020,"2,827",859,82,"8,962",957,298,"14,365",Passaic,Prospect Park borough
2015,"2,411",584,149,10,,"6,396","16,095",Salem,Quinton township
2020,"1,819",729,59,7,1,"5,008","12,691",Salem,Quinton township
2015,"18,849","18,769","33,831","33,284","16,798","4,745","164,854",Union,Rahway city
2020,"17,214","15,046","17,091","60,157","29,259","158,680","473,218",Union,Rahway city
2015,"14,147",,0,"36,549","15,281","2,297","70,571",Bergen,Ramsey borough
2020,"12,152","16,691",88,"33,659","14,462","1,793","80,725",Bergen,Ramsey borough
2015,"25,092","17,122",899,"45,525","21,960","11,820","135,136",Morris,Randolph township
2020,"21,884","12,659",526,"44,192","18,327","10,246","118,606",Morris,Randolph township
2015,"5,496","16,326","16,912","12,050","20,284","14,037","116,053",Somerset,Raritan borough
2020,"4,907","6,215","16,183","10,972","6,810","20,411","102,091",Somerset,Raritan borough
2015,"21,989","25,706","18,673","32,130","15,603","10,997","154,768",Hunterdon,Raritan township
2020,"20,150","21,063","14,451","59,185","24,442","8,165","170,072",Hunterdon,Raritan township
2015,"18,745","10,852","5,138","24,675","11,913","17,928","112,319",Hunterdon,Readington township
2020,"16,475","8,482","3,461","25,840","11,718","17,536","104,510",Hunterdon,Readington township
2015,"9,958","26,168","7,753","16,278","18,636","4,579","95,705",Monmouth,Red Bank borough
2020,"8,253","18,455","5,923","14,293","14,721","1,467","70,501",Monmouth,Red Bank borough
2015,"7,288","15,655","6,085","18,917","20,128","2,430,395","4,934,948",Bergen,Ridgefield borough
2020,"6,323","13,263","5,023","17,275","21,424","770,367","1,609,065",Bergen,Ridgefield borough
2015,"7,994","14,800",245,"18,639","10,643","2,949","58,462",Bergen,Ridgefield Park village
2020,"7,027","12,364",374,"16,652","9,414","3,701","53,607",Bergen,Ridgefield Park village
2015,"24,178","18,868","1,632","65,219","20,577","5,493","143,093",Bergen,Ridgewood village
2020,"20,949","13,806",660,"57,611","13,075","3,192","113,147",Bergen,Ridgewood village
2015,"11,248","3,955",199,"20,790","3,394","11,084","61,951",Passaic,Ringwood borough
2020,"9,812","3,476",213,"19,297","2,985","6,894","49,782",Passaic,Ringwood borough
2015,"8,644","5,010",203,"20,488","7,423","1,163","44,298",Bergen,River Edge borough
2020,"7,652","3,626",226,"18,238","7,006","1,311","39,596",Bergen,River Edge borough
2015,"9,880","3,625",93,"24,442","2,700",434,"41,702",Bergen,River Vale township
2020,"8,533","2,674",79,"22,044","2,441",467,"36,786",Bergen,River Vale township
2015,"3,924","6,155","1,712","6,892","3,877","6,639","37,549",Morris,Riverdale borough
2020,"3,129","4,749","1,199","6,198","3,710","9,113","38,408",Morris,Riverdale borough
2015,"6,188","2,614","1,940","10,927","4,492","3,740","35,580",Burlington,Riverside township
2020,"5,357","2,832",521,"9,883","3,035","2,525","27,198",Burlington,Riverside township
2015,"2,517",985,78,"5,305","1,550","1,009","12,531",Burlington,Riverton borough
2020,"2,200",726,50,"4,810","1,098",826,"10,586",Burlington,Riverton borough
2015,"13,670","26,132",473,"21,754","12,100","3,282","81,166",Mercer,Robbinsville township
2020,"12,296","23,444",266,"21,002","16,888","4,327","82,815",Mercer,Robbinsville township
2015,"4,364","10,202","5,969","9,781","4,855","1,680","44,499",Bergen,Rochelle Park township
2020,"3,767","7,073","4,389","8,894","4,108","1,241","35,103",Bergen,Rochelle Park township
2015,"5,579","7,721","2,235","8,585","9,414","5,057","45,881",Morris,Rockaway borough
2020,"4,558","5,022","1,962","8,511","17,183","2,410","44,017",Morris,Rockaway borough
2015,"24,092","27,816","39,142","20,346","28,570","26,547","232,202",Morris,Rockaway township
2020,"20,516","19,596","30,063","24,483","26,548","23,607","198,481",Morris,Rockaway township
2015,445,,0,"1,129","4,273",418,"6,683",Bergen,Rockleigh borough
2020,417,"6,557",10,"1,095","3,840",624,"13,175",Bergen,Rockleigh borough
2015,705,499,212,"1,266",413,675,"4,656",Somerset,Rocky Hill borough
2020,614,327,114,"1,192",289,386,"3,424",Somerset,Rocky Hill borough
2015,777,183,33,"1,706",110,53,"2,947",Monmouth,Roosevelt borough
2020,648,146,24,"1,570",135,157,"2,861",Monmouth,Roosevelt borough
2015,"6,155","23,200","2,350","14,333","9,750","2,462","63,062",Essex,Roseland borough
2020,"5,328","13,428","1,448","13,037","8,737","1,806","47,037",Essex,Roseland borough
2015,"11,960","9,317","2,559","25,896","12,974","5,447","76,159",Union,Roselle borough
2020,"11,439","7,186","2,661","43,816","18,926","3,766","94,222",Union,Roselle borough
2015,"8,149","3,508",537,"15,282","7,505","3,754","43,026",Union,Roselle Park borough
2020,"7,397","2,458",343,"24,976","12,152","2,942","53,553",Union,Roselle Park borough
2015,"20,881","24,418","2,324","28,439","13,724","21,077","134,262",Morris,Roxbury township
2020,"18,341","20,282","1,882","28,995","13,979","19,658","124,677",Morris,Roxbury township
2015,"12,081","3,164",72,"23,590","2,370",471,"42,293",Monmouth,Rumson borough
2020,"10,838","2,315",64,"23,374","1,875",316,"39,162",Monmouth,Rumson borough
2015,"7,037","5,984",274,"10,438","28,571","3,472","59,522",Camden,Runnemede borough
2020,"5,988","4,657",234,"9,082","25,573","2,795","51,359",Camden,Runnemede borough
2015,"13,230","25,381","2,103","32,263","14,562","6,386","102,414",Bergen,Rutherford borough
2020,"11,515","20,310","2,066","28,004","12,459","3,837","84,094",Bergen,Rutherford borough
2015,"11,173","20,324","3,438","24,499","15,899","5,274","89,319",Bergen,Saddle Brook township
2020,"9,666","18,057","2,800","21,925","13,687","6,819","82,571",Bergen,Saddle Brook township
2015,"10,042",187,14,"23,544","1,326",496,"36,118",Bergen,Saddle River borough
2020,"8,334","1,651",17,"21,678","1,066",200,"33,164",Bergen,Saddle River borough
2015,"9,157","9,317","11,243","4,112","3,332","63,355","175,114",Salem,Salem city
2020,"7,155","6,740","3,615","3,662","2,559","31,576","90,500",Salem,Salem city
2015,"2,399",701,1,,,"8,814","20,728",Sussex,Sandyston township
2020,"2,103",508,1,,,"6,288","15,188",Sussex,Sandyston township
2015,"32,349","28,449","85,679","72,301","197,016","44,556","590,585",Middlesex,Sayreville borough
2020,"27,743","23,576","84,226","62,490","205,071","50,975","589,282",Middlesex,Sayreville borough
2015,"22,534","11,108",676,"40,287","11,990","3,524","94,320",Union,Scotch Plains township
2020,"19,570","7,776",563,"64,163","12,621","2,412","110,079",Union,Scotch Plains township
2015,"2,116","1,367",38,"3,099","1,341",32,"8,064",Monmouth,Sea Bright borough
2020,"2,093","1,433",33,"3,032","1,502",49,"8,224",Monmouth,Sea Bright borough
2015,"3,920","1,203",24,"8,065","1,701",159,"15,255",Monmouth,Sea Girt borough
2020,"3,727",924,21,"7,451","1,355",105,"13,710",Monmouth,Sea Girt borough
2015,"11,715","3,403",99,"12,253","1,940",153,"29,813",Cape May,Sea Isle City city
2020,"10,550","2,857",85,"10,031","1,784",95,"25,583",Cape May,Sea Isle City city
2015,32,8,14,"4,581","2,411",90,"7,239",Ocean,Seaside Heights borough
2020,33,4,0,"4,335","1,836",219,"6,646",Ocean,Seaside Heights borough
2015,"3,313","1,475",58,"7,944","1,030",461,"14,801",Ocean,Seaside Park borough
2020,"3,278","1,215",46,"5,447",708,71,"10,882",Ocean,Seaside Park borough
2015,"13,956","146,138","18,858","24,755","52,242","6,080","286,968",Hudson,Secaucus town
2020,"12,948","159,508","2,676","23,798","61,774","4,233","271,845",Hudson,Secaucus town
2015,"8,450","1,272",77,"7,701","2,250","7,214","34,254",Burlington,Shamong township
2020,"6,775","1,059",42,"7,225","2,236","4,709","26,798",Burlington,Shamong township
2015,622,214,6,232,98,840,"2,857",Cumberland,Shiloh borough
2020,482,142,5,274,42,627,"2,203",Cumberland,Shiloh borough
2015,"3,022","1,982",84,"3,771","1,452",0,"10,395",Ocean,Ship Bottom borough
2020,"2,946","1,767",73,"3,438",50,207,"8,761",Ocean,Ship Bottom borough
2015,"4,615","8,446",515,"8,597","4,750","1,650","30,737",Monmouth,Shrewsbury borough
2020,"3,760","6,111",281,"7,937","4,608",523,"24,025",Monmouth,Shrewsbury borough
2015,397,"1,504",2,896,691,262,"4,016",Monmouth,Shrewsbury township
2020,317,"1,117",2,860,558,221,"3,296",Monmouth,Shrewsbury township
2015,"4,519","4,672",235,"8,976","15,345","1,127","36,235",Camden,Somerdale borough
2020,"3,798","3,042",100,"7,694","12,820",511,"28,577",Camden,Somerdale borough
2015,"9,133","15,519",229,"13,319","41,744","1,568","83,309",Atlantic,Somers Point city
2020,"7,429","11,534",132,"11,395","36,052",764,"68,201",Atlantic,Somers Point city
2015,"7,903","17,826","1,537","16,228","22,019","2,580","72,209",Somerset,Somerville borough
2020,"7,502","14,352","1,314","14,653","18,948","1,898","61,879",Somerset,Somerville borough
2015,"8,869","5,360",443,"14,604","4,063","3,035","39,851",Middlesex,South Amboy city
2020,"7,983","5,325",299,"13,781","3,610","2,966","37,230",Middlesex,South Amboy city
2015,"3,543","1,333",91,"6,426","1,179",267,"13,197",Somerset,South Bound Brook borough
2020,"3,049",951,76,"5,601","1,023",562,"11,900",Somerset,South Bound Brook borough
2015,"34,184","94,865","21,905","74,727","76,176","23,540","370,843",Middlesex,South Brunswick township
2020,"29,714","81,723","17,481","69,879","74,960","19,771","330,781",Middlesex,South Brunswick township
2015,"1,693","10,535","4,543","4,012","9,754","6,289","47,658",Bergen,South Hackensack township
2020,"1,374","8,493","3,492","3,445","7,489","4,128","36,040",Bergen,South Hackensack township
2015,782,402,11,164,0,"4,535","10,438",Gloucester,South Harrison township
2020,605,279,9,870,146,"2,056","6,029",Gloucester,South Harrison township
2015,"13,794","14,834",866,"39,489","16,901","3,404","93,560",Essex,South Orange Village township
2020,"12,558","11,195",874,"36,294","14,700","2,635","81,763",Essex,South Orange Village township
2015,"17,581","48,177","14,087","37,190","35,910","10,620","188,271",Middlesex,South Plainfield borough
2020,"15,298","36,328","13,708","33,595","31,697","10,229","164,792",Middlesex,South Plainfield borough
2015,,,0,"25,078","7,858","1,797","36,529",Middlesex,South River borough
2020,,,0,"22,802","9,258","1,443","34,947",Middlesex,South River borough
2015,"15,249","7,772",792,"4,422",828,185,"30,226",Ocean,South Toms River borough
2020,"2,225","1,282",349,"4,479",862,"2,562","14,671",Ocean,South Toms River borough
2015,"15,024","3,220",417,"5,513","1,627","18,237","62,691",Burlington,Southampton township
2020,"12,201","2,557",359,"5,394","1,223","14,613","51,318",Burlington,Southampton township
2015,"22,729","14,053",600,"5,651","3,116","29,571","105,889",Sussex,Sparta township
2020,"20,393","11,428",438,"11,161","6,170","27,826","105,680",Sussex,Sparta township
2015,"7,296","3,985","13,189","11,920","3,602","17,314","87,810",Middlesex,Spotswood borough
2020,"6,145","3,056","9,132","10,535","3,383","14,796","70,974",Middlesex,Spotswood borough
2015,"5,703","3,091",72,"12,784","2,403",417,"24,958",Monmouth,Spring Lake borough
2020,"5,609","2,290",61,"9,973","3,307",127,"21,555",Monmouth,Spring Lake borough
2015,"5,447","2,263",45,"8,556","3,580","1,254","22,443",Monmouth,Spring Lake Heights borough
2020,"4,740","1,629",40,"7,749","2,873",543,"18,156",Monmouth,Spring Lake Heights borough
2015,"4,295","2,460",170,"1,783","1,115","8,393","26,780",Burlington,Springfield township
2020,"3,592","1,959",148,"1,473",387,"7,090","21,888",Burlington,Springfield township
2015,"14,195","18,937","2,021","31,327","19,840","2,992","94,326",Union,Springfield township
2020,"11,849","15,603","1,844","27,076","17,407","3,187","81,997",Union,Springfield township
2015,"30,824","28,769",516,"35,669","13,647","5,291","120,523",Ocean,Stafford township
2020,"26,559","21,015",411,"2,629",381,"14,757","80,922",Ocean,Stafford township
2015,"4,102","1,408",481,,,"7,291","21,053",Sussex,Stanhope borough
2020,"3,491","1,037",359,,,"5,831","16,909",Sussex,Stanhope borough
2015,"5,151",763,46,,,"17,695","41,397",Sussex,Stillwater township
2020,"4,508",713,29,,,"15,187","35,654",Sussex,Stillwater township
2015,597,389,34,821,256,927,"3,986",Hunterdon,Stockton borough
2020,532,232,34,"1,415",354,535,"3,671",Hunterdon,Stockton borough
2015,"6,098","2,554",87,"7,297","1,310",16,"17,465",Cape May,Stone Harbor borough
2020,"5,629","1,900",78,"7,039","1,147",61,"15,992",Cape May,Stone Harbor borough
2015,953,167,0,1,,"4,119","9,359",Cumberland,Stow Creek township
2020,748,128,0,51,21,"3,017","6,984",Cumberland,Stow Creek township
2015,"5,744","7,455",653,"9,660","8,108","4,426","41,124",Camden,Stratford borough
2020,"4,693","5,797",466,"8,247","7,480","1,538","30,224",Camden,Stratford borough
2015,"23,013","34,721","13,089","54,023","28,546","19,933","206,346",Union,Summit city
2020,"18,717","31,471","9,474","46,929","28,046","24,796","193,703",Union,Summit city
2015,"3,832","1,379",28,"4,514",659,16,"10,472",Ocean,Surf City borough
2020,"3,689","1,133",25,"4,468",593,41,"10,013",Ocean,Surf City borough
2015,"1,975","20,935",72,980,"1,172","2,204","29,613",Sussex,Sussex borough
2020,"1,921","16,983",47,"2,019","3,053","2,512","29,093",Sussex,Sussex borough
2015,"19,258","26,138","14,108","3,162","1,920","3,475","85,646",Gloucester,Swedesboro borough
2020,"15,685","27,864","11,502","2,858","1,434","2,322","75,489",Gloucester,Swedesboro borough
2015,"9,072","3,218",135,"3,549","5,652","13,252","48,265",Burlington,Tabernacle township
2020,"7,506","2,319",155,"4,771","5,489","11,593","43,582",Burlington,Tabernacle township
2015,,,0,,,11,21,Camden,Tavistock borough
2020,,,0,,,0,0,Camden,Tavistock borough
2015,"30,932","28,694","1,368","75,864","29,896","9,637","187,393",Bergen,Teaneck township
2020,"27,477","22,149",724,"66,685","25,123","5,447","153,776",Bergen,Teaneck township
2015,"15,346","8,013",224,"40,017","10,515","1,711","77,762",Bergen,Tenafly borough
2020,"13,721","5,486",202,"36,665","8,558",689,"66,211",Bergen,Tenafly borough
2015,281,"18,784","3,426",87,"11,038","2,621","42,283",Bergen,Teterboro borough
2020,43,"16,262","3,129",76,"10,023","2,294","37,248",Bergen,Teterboro borough
2015,"10,121","3,136",28,"9,469","1,492","5,021","34,316",Hunterdon,Tewksbury township
2020,"8,830","2,376",19,"9,383","1,511","5,536","33,209",Hunterdon,Tewksbury township
2015,"15,231","30,349","2,363","27,575","21,115","3,748","106,492",Monmouth,Tinton Falls borough
2020,"13,454","21,507","2,102",813,"2,754","1,400","45,533",Monmouth,Tinton Falls borough
2015,"96,948","84,885","4,142","160,338","48,185","17,966","434,572",Ocean,Toms River township
2020,"85,512","59,405","3,108","8,099","1,047,020","12,718","1,231,689",Ocean,Toms River township
2015,"9,018","30,239","17,585","24,074","25,235","8,812","141,359",Passaic,Totowa borough
2020,"7,880","27,929","13,638","21,787","20,248","9,829","124,778",Passaic,Totowa borough
2015,"44,841","96,714","15,313","122,750","77,410","61,421","495,182",Mercer,Trenton city
2020,"41,315","77,340","13,581","112,827","65,775","43,528","411,476",Mercer,Trenton city
2015,"7,260","5,767",235,"7,613","3,673","2,932","30,648",Ocean,Tuckerton borough
2020,"5,783","4,788",262,"5,015","1,308","2,073","21,565",Ocean,Tuckerton borough
2015,"4,613","1,230","4,435","8,532","2,385","1,270","28,171",Monmouth,Union Beach borough
2020,"4,064","1,018","2,236","12,008","1,933",880,"25,253",Monmouth,Union Beach borough
2015,"25,892","32,509","3,624","50,387","58,902","11,364","197,664",Hudson,Union City city
2020,"22,993","27,100","3,268","44,608","50,625","8,300","168,462",Hudson,Union City city
2015,"6,387","9,509",74,"2,848","1,794","5,028","30,741",Hunterdon,Union township
2020,"5,469","6,305",37,"5,097","2,826","6,896","33,562",Hunterdon,Union township
2015,"36,285","65,409","15,858","77,933","47,418","21,352","301,465",Union,Union township
2020,"32,422","48,687","10,364","134,367","82,864","46,032","411,133",Union,Union township
2015,"3,274","3,322","5,763","4,081","3,740","25,189","76,322",Cumberland,Upper Deerfield township
2020,"2,467","2,167","5,154","4,462","4,154","21,806","67,170",Cumberland,Upper Deerfield township
2015,"7,517","2,937",57,"11,085","4,254","4,921","35,749",Monmouth,Upper Freehold township
2020,"7,918","2,533",71,"11,082","4,343","6,842","39,703",Monmouth,Upper Freehold township
2015,"4,831","2,144",135,983,504,"27,631","63,995",Salem,Upper Pittsgrove township
2020,"3,838","1,953",150,"1,100",555,"5,641","19,028",Salem,Upper Pittsgrove township
2015,"11,290","6,353",0,"33,309","2,814",451,"54,668",Bergen,Upper Saddle River borough
2020,"9,905","3,937",29,"30,713","2,540",451,"48,055",Bergen,Upper Saddle River borough
2015,"15,209","7,771",792,"9,152","9,810","9,759","63,046",Cape May,Upper township
2020,"12,120","6,120",487,"9,560","7,000","6,832","49,437",Cape May,Upper township
2015,"11,178","6,350",231,"24,181","28,277","1,570","73,588",Atlantic,Ventnor City city
2020,"9,659","5,011",200,"18,974","24,942",642,"60,269",Atlantic,Ventnor City city
2015,"8,338","7,831",724,"6,801","6,426","45,305","121,455",Sussex,Vernon township
2020,"7,039","5,654",371,"12,266","6,896","43,162","118,920",Sussex,Vernon township
2015,"10,890","8,958",409,"27,133","12,217","3,197","66,411",Essex,Verona township
2020,"9,688","6,395",417,"24,730","10,893","2,958","58,457",Essex,Verona township
2015,955,459,9,"1,569",415,236,"3,889",Morris,Victory Gardens borough
2020,808,384,8,"1,523",380,162,"3,433",Morris,Victory Gardens borough
2015,"1,957","1,590",167,"74,332","79,591","266,813","691,431",Cumberland,Vineland City
2020,"1,513","1,376",66,"64,979","87,857","190,667","537,191",Cumberland,Vineland City
2015,"23,035","45,473","2,635","44,724","28,662","1,958","151,080",Camden,Voorhees township
2020,"21,352","36,589","1,145","38,672","24,756","3,213","130,087",Camden,Voorhees township
2015,"7,676","5,442","3,717","19,859","5,232","2,810","51,261",Bergen,Waldwick borough
2020,"6,872","4,624","2,066","17,814","4,127","1,049","39,666",Bergen,Waldwick borough
2015,"28,893","43,830","4,847","54,079","23,820","4,781","169,879",Monmouth,Wall township
2020,"24,837","33,752","3,845","49,291","20,369","4,825","145,590",Monmouth,Wall township
2015,"6,796","4,170",432,"15,471","7,032","2,693","39,718",Bergen,Wallington borough
2020,"5,969","3,377",280,"13,351","6,137","1,085","31,563",Bergen,Wallington borough
2015,76,86,0,,,20,201,Sussex,Walpack township
2020,46,52,0,,,0,98,Sussex,Walpack township
2015,"8,620","5,348","5,291","19,613","7,153","3,566","58,447",Passaic,Wanaque borough
2020,"7,866","4,500","4,763","18,241","6,384","2,113","50,743",Passaic,Wanaque borough
2015,"3,179","4,059",147,533,"1,644","26,376","62,461",Sussex,Wantage township
2020,"3,260","3,450",122,"1,071","2,970","31,020","73,034",Sussex,Wantage township
2015,"20,166","30,365","1,101","46,173","13,688","4,219","121,033",Somerset,Warren township
2020,"17,505","17,435",943,"41,437","20,350","4,754","108,120",Somerset,Warren township
2015,"5,725","2,868","6,670","8,096","3,823","2,781","39,414",Warren,Washington borough
2020,"5,227","2,018","3,375","13,338","6,555","9,330","52,546",Warren,Washington borough
2015,"9,394","3,915",97,"22,557","5,615","1,981","45,635",Bergen,Washington township
2020,"7,950","2,554",95,"20,065","2,775","1,058","35,652",Bergen,Washington township
2015,807,392,51,,,"3,164","7,628",Burlington,Washington township
2020,780,599,46,,,"2,697","6,866",Burlington,Washington township
2015,"28,026","37,363",559,"72,816","51,630","11,369","213,690",Gloucester,Washington township
2020,"24,344","27,814",417,"60,874","43,695","8,903","175,366",Gloucester,Washington township
2015,"20,229","6,142","4,547","19,531","5,934","22,351","105,631",Morris,Washington township
2020,"17,713","4,857","4,192","32,566","4,911","19,850","108,131",Morris,Washington township
2015,"7,189","6,480","4,684","8,096","3,823","12,026","59,008",Warren,Washington township
2020,"6,367","3,729","1,093","8,689","3,823","7,633","40,061",Warren,Washington township
2015,"7,464","11,978",199,"17,526","12,946","5,325","60,962",Somerset,Watchung borough
2020,"6,575","7,927","2,004","16,207","11,451","5,080","56,327",Somerset,Watchung borough
2015,"13,796","5,596",266,"15,420","9,483","7,590","60,008",Camden,Waterford township
2020,"11,013","3,826",246,"13,944","7,630","6,377","49,659",Camden,Waterford township
2015,"48,521","87,877","13,622","112,372","62,474","11,910","362,309",Passaic,Wayne township
2020,"41,334","61,518","12,496","101,960","52,188","7,981","297,955",Passaic,Wayne township
2015,"9,961","47,252","3,340","15,900","15,290","4,502","104,088",Hudson,Weehawken township
2020,"10,227","34,032","2,391","13,946","14,954","3,016","83,974",Hudson,Weehawken township
2015,"5,840","1,327",29,"5,366",401,785,"14,561",Gloucester,Wenonah borough
2020,"4,856",943,32,"4,541",280,743,"12,170",Gloucester,Wenonah borough
2015,"3,595","1,553",964,"1,250",899,"6,028","21,280",Hunterdon,West Amwell township
2020,"3,169",885,706,"2,327",621,"4,338","17,091",Hunterdon,West Amwell township
2015,"9,630","19,177","9,075","24,205","22,118","5,819","104,919",Essex,West Caldwell township
2020,"8,412","16,368","7,385","21,817","16,720","9,387","96,861",Essex,West Caldwell township
2015,"1,843",738,16,"2,937",482,724,"7,479",Cape May,West Cape May borough
2020,"1,678",742,14,"2,573",613,69,"5,770",Cape May,West Cape May borough
2015,"20,942","36,159","38,531","25,271","13,394","48,489","269,805",Gloucester,West Deptford township
2020,"17,462","23,097","30,885","22,359","11,961","44,018","224,684",Gloucester,West Deptford township
2015,"7,429","13,372",64,"14,824","9,637","1,426","48,242",Monmouth,West Long Branch borough
2020,"6,611","9,829",57,"13,565","1,024",659,"32,461",Monmouth,West Long Branch borough
2015,"24,384","10,888",745,"32,597","6,490","38,722","153,294",Passaic,West Milford township
2020,"21,324","8,019","1,026","30,038","6,046","46,634","160,747",Passaic,West Milford township
2015,"22,457","26,058","1,317","30,359","50,157","10,514","152,695",Hudson,West New York town
2020,"20,258","20,427","1,018","28,555","44,344","8,135","131,891",Hudson,West New York town
2015,"36,214","39,616","2,717","94,802","35,805","7,056","225,985",Essex,West Orange township
2020,"31,910","32,071","1,682","86,702","31,919","6,668","199,302",Essex,West Orange township
2015,902,97,17,"1,514",23,189,"2,948",Cape May,West Wildwood borough
2020,861,91,15,"1,245",17,207,"2,658",Cape May,West Wildwood borough
2015,"23,800","59,349",951,"52,287","25,566","3,265","169,433",Mercer,West Windsor township
2020,"21,003","41,715","23,335","46,709","22,858","2,179","183,313",Mercer,West Windsor township
2015,"9,025","16,942","2,157","10,901","10,546","4,226","60,179",Burlington,Westampton township
2020,"7,501","16,205","1,179","9,545","9,918","3,812","53,149",Burlington,Westampton township
2015,"29,104","15,206",769,"54,771","13,432","5,315","124,680",Union,Westfield town
2020,"26,079","10,694",663,"89,114","17,575","3,879","152,546",Union,Westfield town
2015,"3,492","1,811",152,"5,721","2,276","271,081","555,766",Gloucester,Westville borough
2020,"3,048","1,460",121,"5,306","1,868","192,583","397,089",Gloucester,Westville borough
2015,"8,987","10,025",485,"19,440","11,205","3,011","56,648",Bergen,Westwood borough
2020,"7,830","7,328",358,"17,620","10,339","1,573","46,979",Bergen,Westwood borough
2015,"2,947",546,22,825,44,"3,546","11,498",Atlantic,Weymouth township
2020,"2,442",428,20,778,52,"2,521","8,782",Atlantic,Weymouth township
2015,"5,549","12,856","4,771","7,800","21,502","3,096","63,441",Morris,Wharton borough
2020,"4,795","7,528","2,995","7,100","23,679","1,613","52,320",Morris,Wharton borough
2015,"5,102","3,421",992,"2,753","4,508","6,823","31,414",Warren,White township
2020,"4,301","2,165",352,"4,405","9,135","10,471","41,651",Warren,White township
2015,"9,272","15,409",244,"9,838","8,816",308,"44,440",Cape May,Wildwood city
2020,"8,062","10,181",481,"7,833","6,607",169,"33,984",Cape May,Wildwood city
2015,"8,078","7,968",129,"11,528","8,906",813,"38,365",Cape May,Wildwood Crest Borough
2020,"6,880","4,270",117,"9,160","5,542",345,"26,777",Cape May,Wildwood Crest Borough
2015,"25,357","14,309","1,174","62,646","10,817","1,320","118,115",Burlington,Willingboro township
2020,"21,186","10,577",726,"56,775","8,778","2,016","102,800",Burlington,Willingboro township
2015,"1,031",101,21,"1,571",167,33,"2,978",Union,Winfield township
2020,889,70,17,"2,587",274,8,"3,871",Union,Winfield township
2015,"36,441","20,498","5,850","47,670","10,525","17,114","161,061",Camden,Winslow township
2020,"29,585","15,248","3,841","44,732","12,290","16,520","142,578",Camden,Winslow township
2015,"2,772","3,762",369,924,"1,082","2,176","13,631",Cape May,Woodbine borough
2020,"2,304","3,123",437,"1,161","1,708","2,106","13,382",Cape May,Woodbine borough
2015,"65,770","119,461","40,239","109,972","76,414","32,774","517,643",Middlesex,Woodbridge Township
2020,"57,838","87,648","38,202","201,762","107,563","1,456,309","3,443,833",Middlesex,Woodbridge Township
2015,"8,130","14,053",853,"12,836","8,494","5,339","55,898",Gloucester,Woodbury city
2020,"7,183","9,955",692,"12,006","9,122","3,641","46,930",Gloucester,Woodbury city
2015,"2,958","2,255",128,"4,479","2,934",708,"14,298",Gloucester,Woodbury Heights borough
2020,"2,536","1,566",112,"3,863","2,305","1,107","12,708",Gloucester,Woodbury Heights borough
2015,"7,140","15,552","1,994","19,477","4,291","1,318","53,085",Bergen,Woodcliff Lake borough
2020,"6,265","10,711",185,"18,250","3,526",924,"40,970",Bergen,Woodcliff Lake borough
2015,"9,895","12,345","2,790","20,372","11,300","1,797","63,087",Passaic,Woodland Park borough
2020,"8,666","8,176","1,354","18,521","9,796","2,240","52,348",Passaic,Woodland Park borough
2015,"1,735","2,791",15,,,"4,599","13,754",Burlington,Woodland township
2020,"1,421","2,195",14,5,,"6,096","15,840",Burlington,Woodland township
2015,"1,741",492,51,"3,559",532,951,"8,328",Camden,Woodlynne borough
2020,"1,587",397,43,"3,410",575,566,"7,187",Camden,Woodlynne borough
2015,"7,197","4,754","2,957","15,810","6,264","5,603","51,145",Bergen,Wood-Ridge borough
2020,"7,006","4,955","1,435","14,833","5,572","3,427","42,091",Bergen,Wood-Ridge borough
2015,"8,634","5,590",82,"4,340","19,692","2,334","43,088",Salem,Woodstown borough
2020,"6,864","4,208",67,"3,849","25,034","1,534","43,157",Salem,Woodstown borough
2015,4,,0,"15,721","4,591","3,044","26,404",Gloucester,Woolwich township
2020,11,,0,"15,621","4,535","1,553","23,272",Gloucester,Woolwich township
2015,921,"2,163",911,673,"2,264",468,"8,780",Burlington,Wrightstown borough
2020,820,"1,895","1,015",624,"3,573",368,"9,679",Burlington,Wrightstown borough
2015,"18,823","8,571",454,"49,926","10,986","1,363","91,939",Bergen,Wyckoff township
2020,"16,223","7,574",402,"47,028","10,014",804,"83,250",Bergen,Wyckoff township